Workbook
Name List_StaffID: Parameter!$F$2:$F$51
Name vMonthSelected: Parameter!$S$2
Name dataJobIn: 'Job-In'!$A$6:$BH$1004
Name data_Staff: Parameter!$F$2:$H$51
Name List_Holidays: Parameter!$M$2:$M$1002
Name JobName: 'Job-In'!$C$6:$C$1004
Name List_Nickname: Parameter!$I$2:$I$51
Name cLunchBegin: Parameter!$Q$7
Name List_WeekHolidays: Parameter!$L$2:$L$7
Name List_DayType: Parameter!$K$2:$K$11
Name cLunchEnd: Parameter!$Q$8
Name vDurationWork: Parameter!$S$6
Name vStaffSelected: Parameter!$S$9
Name List_Month: Parameter!$B$2:$B$13
Name JobID: 'Job-In'!$A$6:$A$1004
Name cWorkBegin: Parameter!$Q$5
Name List_HolidaysDesc: Parameter!$N$2:$N$1002
Name vYearSelected: Parameter!$S$3
Name List_Date: Parameter!$D$2:$D$32
Name List_StaffName: Parameter!$H$2:$H$51
Name vDurationLunch: Parameter!$S$7
Name cWorkEnd: Parameter!$Q$6
Name JobDate: 'Job-In'!$M$6:$M$1004
Name List_FingerID: Parameter!$G$2:$G$51
Name cDinnerBegin: Parameter!$Q$9
Name cDinnerEnd: Parameter!$Q$10
Name vDateSelected: Parameter!$S$5
Name List_JobName: JobList!$C$3:$C$1000
Name vDurationDinner: Parameter!$S$8
Name List_Weekday: Parameter!$C$2:$C$8

Sheet Job-In
A1: 1 | B1: 2 | C1: 3 | D1: 4 | E1: 5 | F1: 6 | G1: 7 | H1: 8 | I1: 9 | J1: 10 | K1: 11 | L1: 12 | M1: 13 | N1: 14 | O1: 15 | P1: 16 | Q1: 17 | R1: 18 | S1: 19 | T1: 20 | U1: 21
A2: =IFERROR(__xludf.DUMMYFUNCTION("ROWS(FILTER(B6:B1506,Not(ISBLANK(B6:B1506))+NOT(ISBLANK(C6:C1506))+NOT(ISBLANK(D6:D1506))))"),147.0) -> 147 | B2: งาน | U2: =IFERROR(__xludf.DUMMYFUNCTION("SPARKLINE(U$3,{""charttype"",""column"";""ymin"",MIN($U$3:$BD$3);""ymax"",MAX($U$3:$BD$3);""color"",""blue""})"),"") | V2: =IFERROR(__xludf.DUMMYFUNCTION("SPARKLINE(V$3,{""charttype"",""column"";""ymin"",MIN($U$3:$BD$3);""ymax"",MAX($U$3:$BD$3);""color"",""blue""})"),"") | W2: =IFERROR(__xludf.DUMMYFUNCTION("SPARKLINE(W$3,{""charttype"",""column"";""ymin"",MIN($U$3:$BD$3);""ymax"",MAX($U$3:$BD$3);""color"",""blue""})"),"") | X2: =IFERROR(__xludf.DUMMYFUNCTION("SPARKLINE(X$3,{""charttype"",""column"";""ymin"",MIN($U$3:$BD$3);""ymax"",MAX($U$3:$BD$3);""color"",""blue""})"),"") | Y2: =IFERROR(__xludf.DUMMYFUNCTION("SPARKLINE(Y$3,{""charttype"",""column"";""ymin"",MIN($U$3:$BD$3);""ymax"",MAX($U$3:$BD$3);""color"",""blue""})"),"") | Z2: =IFERROR(__xludf.DUMMYFUNCTION("SPARKLINE(Z$3,{""charttype"",""column"";""ymin"",MIN($U$3:$BD$3);""ymax"",MAX($U$3:$BD$3);""color"",""blue""})"),"") | AA2: =IFERROR(__xludf.DUMMYFUNCTION("SPARKLINE(AA$3,{""charttype"",""column"";""ymin"",MIN($U$3:$BD$3);""ymax"",MAX($U$3:$BD$3);""color"",""blue""})"),"") | AB2: =IFERROR(__xludf.DUMMYFUNCTION("SPARKLINE(AB$3,{""charttype"",""column"";""ymin"",MIN($U$3:$BD$3);""ymax"",MAX($U$3:$BD$3);""color"",""blue""})"),"") | AC2: =IFERROR(__xludf.DUMMYFUNCTION("SPARKLINE(AC$3,{""charttype"",""column"";""ymin"",MIN($U$3:$BD$3);""ymax"",MAX($U$3:$BD$3);""color"",""blue""})"),"") | AD2: =IFERROR(__xludf.DUMMYFUNCTION("SPARKLINE(AD$3,{""charttype"",""column"";""ymin"",MIN($U$3:$BD$3);""ymax"",MAX($U$3:$BD$3);""color"",""blue""})"),"") | AE2: =IFERROR(__xludf.DUMMYFUNCTION("SPARKLINE(AE$3,{""charttype"",""column"";""ymin"",MIN($U$3:$BD$3);""ymax"",MAX($U$3:$BD$3);""color"",""blue""})"),"") | AF2: =IFERROR(__xludf.DUMMYFUNCTION("SPARKLINE(AF$3,{""charttype"",""column"";""ymin"",MIN($U$3:$BD$3);""ymax"",MAX($U$3:$BD$3);""color"",""blue""})"),"") | AG2: =IFERROR(__xludf.DUMMYFUNCTION("SPARKLINE(AG$3,{""charttype"",""column"";""ymin"",MIN($U$3:$BD$3);""ymax"",MAX($U$3:$BD$3);""color"",""blue""})"),"") | AH2: =IFERROR(__xludf.DUMMYFUNCTION("SPARKLINE(AH$3,{""charttype"",""column"";""ymin"",MIN($U$3:$BD$3);""ymax"",MAX($U$3:$BD$3);""color"",""blue""})"),"") | AI2: =IFERROR(__xludf.DUMMYFUNCTION("SPARKLINE(AI$3,{""charttype"",""column"";""ymin"",MIN($U$3:$BD$3);""ymax"",MAX($U$3:$BD$3);""color"",""blue""})"),"") | AJ2: =IFERROR(__xludf.DUMMYFUNCTION("SPARKLINE(AJ$3,{""charttype"",""column"";""ymin"",MIN($U$3:$BD$3);""ymax"",MAX($U$3:$BD$3);""color"",""blue""})"),"") | AK2: =IFERROR(__xludf.DUMMYFUNCTION("SPARKLINE(AK$3,{""charttype"",""column"";""ymin"",MIN($U$3:$BD$3);""ymax"",MAX($U$3:$BD$3);""color"",""blue""})"),"") | AL2: =IFERROR(__xludf.DUMMYFUNCTION("SPARKLINE(AL$3,{""charttype"",""column"";""ymin"",MIN($U$3:$BD$3);""ymax"",MAX($U$3:$BD$3);""color"",""blue""})"),"") | AM2: =IFERROR(__xludf.DUMMYFUNCTION("SPARKLINE(AM$3,{""charttype"",""column"";""ymin"",MIN($U$3:$BD$3);""ymax"",MAX($U$3:$BD$3);""color"",""blue""})"),"") | AN2: =IFERROR(__xludf.DUMMYFUNCTION("SPARKLINE(AN$3,{""charttype"",""column"";""ymin"",MIN($U$3:$BD$3);""ymax"",MAX($U$3:$BD$3);""color"",""blue""})"),"") | AO2: =IFERROR(__xludf.DUMMYFUNCTION("SPARKLINE(AO$3,{""charttype"",""column"";""ymin"",MIN($U$3:$BD$3);""ymax"",MAX($U$3:$BD$3);""color"",""blue""})"),"") | AP2: =IFERROR(__xludf.DUMMYFUNCTION("SPARKLINE(AP$3,{""charttype"",""column"";""ymin"",MIN($U$3:$BD$3);""ymax"",MAX($U$3:$BD$3);""color"",""blue""})"),"") | AQ2: =IFERROR(__xludf.DUMMYFUNCTION("SPARKLINE(AQ$3,{""charttype"",""column"";""ymin"",MIN($U$3:$BD$3);""ymax"",MAX($U$3:$BD$3);""color"",""blue""})"),"") | AR2: =IFERROR(__xludf.DUMMYFUNCTION("SPARKLINE(AR$3,{""charttype"",""column"";""ymin"",MIN($U$3:$BD$3);""ymax"",MAX($U$3:$BD$3);""color"",""blue""})"),"") | AS2: =IFERROR(__xludf.DUMMYFUNCTION("SPARKLINE(AS$3,{""charttype"",""column"";""ymin"",MIN($U$3:$BD$3);""ymax"",MAX($U$3:$BD$3);""color"",""blue""})"),"") | AT2: =IFERROR(__xludf.DUMMYFUNCTION("SPARKLINE(AT$3,{""charttype"",""column"";""ymin"",MIN($U$3:$BD$3);""ymax"",MAX($U$3:$BD$3);""color"",""blue""})"),"") | AU2: =IFERROR(__xludf.DUMMYFUNCTION("SPARKLINE(AU$3,{""charttype"",""column"";""ymin"",MIN($U$3:$BD$3);""ymax"",MAX($U$3:$BD$3);""color"",""blue""})"),"") | AV2: =IFERROR(__xludf.DUMMYFUNCTION("SPARKLINE(AV$3,{""charttype"",""column"";""ymin"",MIN($U$3:$BD$3);""ymax"",MAX($U$3:$BD$3);""color"",""blue""})"),"") | AW2: =IFERROR(__xludf.DUMMYFUNCTION("SPARKLINE(AW$3,{""charttype"",""column"";""ymin"",MIN($U$3:$BD$3);""ymax"",MAX($U$3:$BD$3);""color"",""blue""})"),"") | AX2: =IFERROR(__xludf.DUMMYFUNCTION("SPARKLINE(AX$3,{""charttype"",""column"";""ymin"",MIN($U$3:$BD$3);""ymax"",MAX($U$3:$BD$3);""color"",""blue""})"),"") | AY2: =IFERROR(__xludf.DUMMYFUNCTION("SPARKLINE(AY$3,{""charttype"",""column"";""ymin"",MIN($U$3:$BD$3);""ymax"",MAX($U$3:$BD$3);""color"",""blue""})"),"") | AZ2: =IFERROR(__xludf.DUMMYFUNCTION("SPARKLINE(AZ$3,{""charttype"",""column"";""ymin"",MIN($U$3:$BD$3);""ymax"",MAX($U$3:$BD$3);""color"",""blue""})"),"") | BA2: =IFERROR(__xludf.DUMMYFUNCTION("SPARKLINE(BA$3,{""charttype"",""column"";""ymin"",MIN($U$3:$BD$3);""ymax"",MAX($U$3:$BD$3);""color"",""blue""})"),"") | BB2: =IFERROR(__xludf.DUMMYFUNCTION("SPARKLINE(BB$3,{""charttype"",""column"";""ymin"",MIN($U$3:$BD$3);""ymax"",MAX($U$3:$BD$3);""color"",""blue""})"),"") | BC2: =IFERROR(__xludf.DUMMYFUNCTION("SPARKLINE(BC$3,{""charttype"",""column"";""ymin"",MIN($U$3:$BD$3);""ymax"",MAX($U$3:$BD$3);""color"",""blue""})"),"") | BD2: =IFERROR(__xludf.DUMMYFUNCTION("SPARKLINE(BD$3,{""charttype"",""column"";""ymin"",MIN($U$3:$BD$3);""ymax"",MAX($U$3:$BD$3);""color"",""blue""})"),"") | BE2: =IFERROR(__xludf.DUMMYFUNCTION("SPARKLINE(BE$3,{""charttype"",""column"";""ymin"",MIN($U$3:$BD$3);""ymax"",MAX($U$3:$BD$3);""color"",""blue""})"),"") | BF2: =IFERROR(__xludf.DUMMYFUNCTION("SPARKLINE(BF$3,{""charttype"",""column"";""ymin"",MIN($U$3:$BD$3);""ymax"",MAX($U$3:$BD$3);""color"",""blue""})"),"") | BG2: =IFERROR(__xludf.DUMMYFUNCTION("SPARKLINE(BG$3,{""charttype"",""column"";""ymin"",MIN($U$3:$BD$3);""ymax"",MAX($U$3:$BD$3);""color"",""blue""})"),"") | BH2: =IFERROR(__xludf.DUMMYFUNCTION("SPARKLINE(BH$3,{""charttype"",""column"";""ymin"",MIN($U$3:$BD$3);""ymax"",MAX($U$3:$BD$3);""color"",""blue""})"),"") | BI2: =IFERROR(__xludf.DUMMYFUNCTION("SPARKLINE(BI$3,{""charttype"",""column"";""ymin"",MIN($U$3:$BD$3);""ymax"",MAX($U$3:$BD$3);""color"",""blue""})"),"") | BJ2: =IFERROR(__xludf.DUMMYFUNCTION("SPARKLINE(BJ$3,{""charttype"",""column"";""ymin"",MIN($U$3:$BD$3);""ymax"",MAX($U$3:$BD$3);""color"",""blue""})"),"") | BK2: =IFERROR(__xludf.DUMMYFUNCTION("SPARKLINE(BK$3,{""charttype"",""column"";""ymin"",MIN($U$3:$BD$3);""ymax"",MAX($U$3:$BD$3);""color"",""blue""})"),"") | BL2: =IFERROR(__xludf.DUMMYFUNCTION("SPARKLINE(BL$3,{""charttype"",""column"";""ymin"",MIN($U$3:$BD$3);""ymax"",MAX($U$3:$BD$3);""color"",""blue""})"),"") | BM2: =IFERROR(__xludf.DUMMYFUNCTION("SPARKLINE(BM$3,{""charttype"",""column"";""ymin"",MIN($U$3:$BD$3);""ymax"",MAX($U$3:$BD$3);""color"",""blue""})"),"") | BN2: =IFERROR(__xludf.DUMMYFUNCTION("SPARKLINE(BN$3,{""charttype"",""column"";""ymin"",MIN($U$3:$BD$3);""ymax"",MAX($U$3:$BD$3);""color"",""blue""})"),"") | BO2: =IFERROR(__xludf.DUMMYFUNCTION("SPARKLINE(BO$3,{""charttype"",""column"";""ymin"",MIN($U$3:$BD$3);""ymax"",MAX($U$3:$BD$3);""color"",""blue""})"),"") | BP2: =IFERROR(__xludf.DUMMYFUNCTION("SPARKLINE(BP$3,{""charttype"",""column"";""ymin"",MIN($U$3:$BD$3);""ymax"",MAX($U$3:$BD$3);""color"",""blue""})"),"") | BQ2: =IFERROR(__xludf.DUMMYFUNCTION("SPARKLINE(BQ$3,{""charttype"",""column"";""ymin"",MIN($U$3:$BD$3);""ymax"",MAX($U$3:$BD$3);""color"",""blue""})"),"") | BR2: =IFERROR(__xludf.DUMMYFUNCTION("SPARKLINE(BR$3,{""charttype"",""column"";""ymin"",MIN($U$3:$BD$3);""ymax"",MAX($U$3:$BD$3);""color"",""blue""})"),"")
A3: =COUNTA(B6:B1506) -> 140 | B3: ออกใบเสนอราคาแล้ว | U3: =SUMPRODUCT($Q$6:$Q1506,U6:U1506) -> 32 | V3: =SUMPRODUCT($Q$6:$Q1506,V6:V1506) -> 32 | W3: =SUMPRODUCT($Q$6:$Q1506,W6:W1506) -> 2 | X3: =SUMPRODUCT($Q$6:$Q1506,X6:X1506) -> 30 | Y3: =SUMPRODUCT($Q$6:$Q1506,Y6:Y1506) -> 13 | Z3: =SUMPRODUCT($Q$6:$Q1506,Z6:Z1506) -> 32 | AA3: =SUMPRODUCT($Q$6:$Q1506,AA6:AA1506) -> 0 | AB3: =SUMPRODUCT($Q$6:$Q1506,AB6:AB1506) -> 0 | ... BR3: =SUMPRODUCT($Q$6:$Q1506,BR6:BR1506) -> 0
E4: โหลด | F4: ขนย้าย | G4: ติดต้ั้ง | H4: โกดัง | I4: ทำของ | J4: มาร์กไลน์ | K4: อื่นๆ | U4: {=INDEX(List_Nickname,U$5)} -> ตี๋ | V4: {=INDEX(List_Nickname,V$5)} -> พี่หนู / ชาย | W4: {=INDEX(List_Nickname,W$5)} -> พี่ล้าน | X4: {=INDEX(List_Nickname,X$5)} -> พี่บอล | Y4: {=INDEX(List_Nickname,Y$5)} -> พี่เดี่ยว | Z4: {=INDEX(List_Nickname,Z$5)} -> พี่ตุ๊ก | AA4: {=INDEX(List_Nickname,AA$5)} -> แพร | AB4: {=INDEX(List_Nickname,AB$5)} -> พี่เปิ้ล | ... BR4: {=INDEX(List_Nickname,BR$5)}
A5: ID | B5: QT | C5: ชื่องาน | D5: ชื่องานย่อย | L5: อธิบายงาน | M5: วันที่เริ่ม | N5: เวลาเริ่ม | O5: วันที่เลิก | P5: เวลาเลิก | Q5: ชั่วโมงทำงาน | R5: จำนวนคนที่ต้องการ | S5: ปริมาณงาน | T5: จำนวนคนที่ได้ | U5: 1 | V5: 2 | W5: 3 | X5: 4 | Y5: 5 | Z5: 6 | AA5: 7 | AB5: 8 | AC5: 9 | AD5: 10 | AE5: 11 | AF5: 12 | AG5: 13 | AH5: 14 | AI5: 15 | AJ5: 16 | AK5: 17 | AL5: 18 | AM5: 19 | AN5: 20 | AO5: 21 | AP5: 22 | AQ5: 23 | AR5: 24 | AS5: 25 | AT5: 26 | AU5: 27 | AV5: 28 | AW5: 29 | AX5: 30 | AY5: 31 | AZ5: 32 | BA5: 33 | BB5: 34 | BC5: 35 | BD5: 36 | BE5: 37 | BF5: 38 | BG5: 39 | BH5: 40 | BI5: 41 | BJ5: 42 | BK5: 43 | BL5: 44 | BM5: 45 | BN5: 46 | BO5: 47 | BP5: 48 | BQ5: 49 | BR5: 50
A6: {=SEQUENCE(1000,1)} -> 1 | B6: QT2025080042 | C6: บริษัทร้อกเวิธ | D6: TOYOTA บางบ่อHO3/HO2 | G6: 1 | L6: ติดตั้งชุดโต๊ะทำงาน | M6: 46078 | N6: 0.29166667 | O6: 46078 | P6: 0.375 | Q6: =IFERROR((DATEVALUE(O6)+TIMEVALUE(P6)-DATEVALUE(M6)-TIMEVALUE(N6))*24,) -> 2 | R6: 5 | S6: =Q6*T6 -> 14 | T6: =countif(U6:BR6,"="&1) -> 7 | U6: 1 | V6: 1 | W6: 1 | Y6: 1 | Z6: 1 | AC6: 1 | AV6: 1
A7: 2 | B7: QT2025080042 | C7: บริษัทร้อกเวิธ | D7: TOYOTA บางบ่อHO2 | E7: 1 | L7: โหลดตู้ Locker | M7: 46078 | N7: 0.375 | O7: 46078 | P7: 0.70833333 | Q7: =IFERROR((DATEVALUE(O7)+TIMEVALUE(P7)-DATEVALUE(M7)-TIMEVALUE(N7))*24,) -> 8 | S7: =Q7*T7 -> 24 | T7: =countif(U7:BR7,"="&1) -> 3 | AD7: 1 | AE7: 1 | AS7: 1
A8: 3 | B8: QT2025080042 | C8: บริษัทร้อกเวิธ | D8: TOYOTA บ้านโพธิ์ | G8: 1 | L8: ติดตั้ง | M8: 46078 | N8: 0.66666667 | O8: 46079 | P8: 0.125 | Q8: =IFERROR((DATEVALUE(O8)+TIMEVALUE(P8)-DATEVALUE(M8)-TIMEVALUE(N8))*24,) -> 11 | R8: 2 | S8: =Q8*T8 -> 44 | T8: =countif(U8:BR8,"="&1) -> 4 | Y8: 1 | AD8: 1 | AG8: 1 | AS8: 1
A9: 4 | B9: QT2025090063 | C9: บริษัทโอคามูระ | D9: TOYOTA บางบ่อ HO2 | K9: 1 | L9: ส่งเก้าอี้ เก้าอี้โต๊ะประชุม8 / เก้าอี้ทำงาน 162 / EVP-พาทิชั่น 2 | M9: 46078 | O9: 46078 | T9: =countif(U9:BR9,"="&1) -> 3 | X9: 1 | AG9: 1 | AJ9: 1
A10: 5 | B10: QT2025120083-QT2026020053 | C10: บริษัทร้อกเวิธ | D10: Space Matrix Design / PJ. Galderma Thailand | G10: 1 | L10: ต้องจบงาน! | M10: 46078 | O10: 46078 | Q10: =IFERROR((DATEVALUE(O10)+TIMEVALUE(P10)-DATEVALUE(M10)-TIMEVALUE(N10))*24,) | S10: =Q10*T10 -> 0 | T10: =countif(U10:BR10,"="&1) -> 6 | AK10: 1 | AM10: 1 | AN10: 1 | AR10: 1 | AU10: 1 | AW10: 1
A11: 6 | C11: บริษัทโอคามูระ | D11: GSK One ดุสิต ชั้น 25 | J11: 1 | L11: มาร์กไลน์ | M11: 46078 | O11: 46078 | Q11: =IFERROR((DATEVALUE(O11)+TIMEVALUE(P11)-DATEVALUE(M11)-TIMEVALUE(N11))*24,) | S11: =Q11*T11 -> 0 | T11: =countif(U11:BR11,"="&1) -> 1 | AQ11: 1
A12: 7 | B12: QT2026010080 | C12: บริษัทร้อกเวิธ | D12: บริษัท เงินทุนแอร์ดวาน | K12: 1 | L12: ส่งเก้าอี้ที่ร้านเบาะกิติธร | M12: 46078 | N12: 0.75 | O12: 46078 | P12: 0.041666667 | Q12: =IFERROR((DATEVALUE(O12)+TIMEVALUE(P12)-DATEVALUE(M12)-TIMEVALUE(N12))*24,) -> -17 | S12: =Q12*T12 -> -17 | T12: =countif(U12:BR12,"="&1) -> 1 | AQ12: 1
A13: 8 | C13: บริษัทร้อกเวิธ | D13: TOYOTA AUTO | J13: 1 | L13: มาร์กไลน์ | M13: 46079 | N13: 0.375 | O13: 46079 | P13: 0.70833333 | Q13: =IFERROR((DATEVALUE(O13)+TIMEVALUE(P13)-DATEVALUE(M13)-TIMEVALUE(N13))*24,) -> 8 | S13: =Q13*T13 -> 0 | T13: =countif(U13:BR13,"="&1) -> 0
A14: 9 | B14: QT2026020004 | C14: บริษัทโอคามูระ | D14: เดลีเทค อาคารThr Parq พระราม4 | E14: 1 | L14: จัมโบ้+กะบะ (รับของปู่เจ้า14.00 ส่งหน้างานได้หลัง18.00น. ) | M14: 46078 | O14: 46078 | Q14: =IFERROR((DATEVALUE(O14)+TIMEVALUE(P14)-DATEVALUE(M14)-TIMEVALUE(N14))*24,) | S14: =Q14*T14 -> 0 | T14: =countif(U14:BR14,"="&1) -> 7 | AK14: 1 | AM14: 1 | AN14: 1 | AQ14: 1 | AR14: 1 | AU14: 1 | AW14: 1
A15: 10 | B15: QT2025070009 | C15: บริษัทร้อกเวิธ | D15: การบินไทย Phas1 อาคาร 5 ชั้น 18 | K15: 1 | L15: ส่งงานกับทางการบิน | M15: 46078 | N15: 0.75 | O15: 46078 | P15: 0.875 | Q15: =IFERROR((DATEVALUE(O15)+TIMEVALUE(P15)-DATEVALUE(M15)-TIMEVALUE(N15))*24,) -> 3 | S15: =Q15*T15 -> 9 | T15: =countif(U15:BR15,"="&1) -> 3 | AF15: 1 | AX15: 1 | AZ15: 1
A16: 11 | C16: บริษัทร้อกเวิธ | D16: RW วางบิล | K16: 1 | L16: วางบิลก่อนเที่ยง | M16: 46078 | O16: 46078 | Q16: =IFERROR((DATEVALUE(O16)+TIMEVALUE(P16)-DATEVALUE(M16)-TIMEVALUE(N16))*24,) | S16: =Q16*T16 -> 0 | T16: =countif(U16:BR16,"="&1) -> 1 | AX16: 1
A17: 12 | C17: บริษัทโอคามูระ | D17: โอคามูระ | K17: 1 | L17: รับเช็คโอคามูระ 14.00-16.00 น. | M17: 46078 | N17: 0.375 | O17: 46078 | P17: 0.5 | Q17: =IFERROR((DATEVALUE(O17)+TIMEVALUE(P17)-DATEVALUE(M17)-TIMEVALUE(N17))*24,) -> 3 | S17: =Q17*T17 -> 3 | T17: =countif(U17:BR17,"="&1) -> 1 | AX17: 1
A18: 13 | B18: QT2025080042 | C18: บริษัทร้อกเวิธ | D18: TOYOTA บางบ่อHO2 | G18: 1 | L18: ติดตั้งชุดโต๊ะทำงาน | M18: 46079 | N18: 0.29166667 | O18: 46079 | P18: 0.83333333 | Q18: =IFERROR((DATEVALUE(O18)+TIMEVALUE(P18)-DATEVALUE(M18)-TIMEVALUE(N18))*24,) -> 13 | S18: =Q18*T18 -> 91 | T18: =countif(U18:BR18,"="&1) -> 7 | U18: 1 | V18: 1 | X18: 1 | Z18: 1 | AJ18: 1 | AS18: 1 | AV18: 1
A19: 14 | B19: QT2025080042 | C19: บริษัทร้อกเวิธ | D19: TOYOTA บางบ่อHO1 | E19: 1 | L19: โหลดตู้ Locker | M19: 46079 | N19: 0.375 | O19: 46079 | P19: 0.5 | Q19: =IFERROR((DATEVALUE(O19)+TIMEVALUE(P19)-DATEVALUE(M19)-TIMEVALUE(N19))*24,) -> 3 | S19: =Q19*T19 -> 6 | T19: =countif(U19:BR19,"="&1) -> 2 | AE19: 1 | BB19: 1
A20: 15 | B20: QT2025080042 | C20: บริษัทร้อกเวิธ | D20: TOYOTA บ้านโพธิ์ | G20: 1 | L20: ติดตั้ง | M20: 46079 | O20: 46079 | Q20: =IFERROR((DATEVALUE(O20)+TIMEVALUE(P20)-DATEVALUE(M20)-TIMEVALUE(N20))*24,) | S20: =Q20*T20 -> 0 | T20: =countif(U20:BR20,"="&1) -> 7 | Y20: 1 | AD20: 1 | AG20: 1 | AQ20: 1 | AR20: 1 | AW20: 1 | AY20: 1
A21: 16 | B21: QT2025070009 | C21: บริษัทร้อกเวิธ | D21: การบินไทย Phas1 อาคาร 5 ชั้น 7 | F21: 1 | L21: ขนย้ายเฟอร์นิเจอร์-จัดสำนักงาน | M21: 46081 | O21: 46081 | Q21: =IFERROR((DATEVALUE(O21)+TIMEVALUE(P21)-DATEVALUE(M21)-TIMEVALUE(N21))*24,) | S21: =Q21*T21 -> 0 | T21: =countif(U21:BR21,"="&1) -> 1 | AF21: 1
A22: 17 | B22: QT2026020038 | C22: บริษัทร้อกเวิธ | D22: บริษัท สตูดิโอ | F22: 1 | L22: รื้อแพ็ค | M22: 46079 | O22: 46079 | Q22: =IFERROR((DATEVALUE(O22)+TIMEVALUE(P22)-DATEVALUE(M22)-TIMEVALUE(N22))*24,) | S22: =Q22*T22 -> 0 | T22: =countif(U22:BR22,"="&1) -> 4 | AK22: 1 | AM22: 1 | AN22: 1 | AU22: 1
A23: 18 | B23: QT2026020004 | C23: บริษัทโอคามูระ | D23: เลดีเทค โหลด Thr Parq พระราม4 | G23: 1 | L23: ติดตั้ง | M23: 46079 | O23: 46079 | Q23: =IFERROR((DATEVALUE(O23)+TIMEVALUE(P23)-DATEVALUE(M23)-TIMEVALUE(N23))*24,) | S23: =Q23*T23 -> 0 | T23: =countif(U23:BR23,"="&1) -> 7 | AK23: 1 | AM23: 1 | AN23: 1 | AQ23: 1 | AR23: 1 | AU23: 1 | AW23: 1
A24: 19 | B24: QT2025080042 | C24: บริษัทร้อกเวิธ | D24: TOYOTA บางบ่อHO3/HO2 | G24: 1 | L24: ติดตั้ง | M24: 46080 | N24: 0.375 | O24: 46080 | P24: 0.875 | Q24: =IFERROR((DATEVALUE(O24)+TIMEVALUE(P24)-DATEVALUE(M24)-TIMEVALUE(N24))*24,) -> 12 | S24: =Q24*T24 -> 84 | T24: =countif(U24:BR24,"="&1) -> 7 | U24: 1 | V24: 1 | X24: 1 | Z24: 1 | AJ24: 1 | AS24: 1 | AV24: 1
A25: 20 | B25: QT2025080042 | C25: บริษัทร้อกเวิธ | D25: TOYOTA บ้านโพธิ์ | G25: 1 | L25: ติดตั้ง | M25: 46080 | O25: 46080 | Q25: =IFERROR((DATEVALUE(O25)+TIMEVALUE(P25)-DATEVALUE(M25)-TIMEVALUE(N25))*24,) | S25: =Q25*T25 -> 0 | T25: =countif(U25:BR25,"="&1) -> 6 | Y25: 1 | AG25: 1 | AQ25: 1 | AR25: 1 | AW25: 1 | AY25: 1
A26: 21 | B26: QT2026020038 | C26: บริษัทร้อกเวิธ | D26: บริษัท สตูดิโอ | F26: 1 | L26: รื้อแแพ็ค | M26: 46080 | O26: 46080 | Q26: =IFERROR((DATEVALUE(O26)+TIMEVALUE(P26)-DATEVALUE(M26)-TIMEVALUE(N26))*24,) | S26: =Q26*T26 -> 0 | T26: =countif(U26:BR26,"="&1) -> 0
A27: 22 | B27: QT2025070009 | C27: บริษัทร้อกเวิธ | D27: การบินไทย Phas1 อาคาร 5 ชั้น 7 | F27: 1 | L27: ขนย้าย | M27: 46080 | O27: 46080 | Q27: =IFERROR((DATEVALUE(O27)+TIMEVALUE(P27)-DATEVALUE(M27)-TIMEVALUE(N27))*24,) | S27: =Q27*T27 -> 0 | T27: =countif(U27:BR27,"="&1) -> 1 | AF27: 1
A28: 23 | B28: QT2026020006 | C28: บริษัทโอคามูระ | D28: โปรเจค HA | E28: 1 | G28: 1 | L28: ขนส่ง-โหลด-ติดตั้ง | M28: 46080 | O28: 46080 | Q28: =IFERROR((DATEVALUE(O28)+TIMEVALUE(P28)-DATEVALUE(M28)-TIMEVALUE(N28))*24,) | S28: =Q28*T28 -> 0 | T28: =countif(U28:BR28,"="&1) -> 0
A29: 24 | B29: QT2025080042 | C29: บริษัทร้อกเวิธ | D29: TOYOTA บางบ่อHO3/HO2 | G29: 1 | L29: ติดตั้ง | M29: 46081 | N29: 0.75 | O29: 46081 | P29: 0.95833333 | Q29: =IFERROR((DATEVALUE(O29)+TIMEVALUE(P29)-DATEVALUE(M29)-TIMEVALUE(N29))*24,) -> 5 | S29: =Q29*T29 -> 35 | T29: =countif(U29:BR29,"="&1) -> 7 | U29: 1 | V29: 1 | X29: 1 | Z29: 1 | AJ29: 1 | AS29: 1 | AV29: 1
A30: 25 | B30: QT2025080042 | C30: บริษัทร้อกเวิธ | D30: TOYOTA บ้านโพธิ์ | G30: 1 | L30: ติดตั้ง | M30: 46081 | O30: 46081 | Q30: =IFERROR((DATEVALUE(O30)+TIMEVALUE(P30)-DATEVALUE(M30)-TIMEVALUE(N30))*24,) | S30: =Q30*T30 -> 0 | T30: =countif(U30:BR30,"="&1) -> 7 | AD30: 1 | AE30: 1 | AG30: 1 | AQ30: 1 | AR30: 1 | AW30: 1 | AY30: 1
A31: 26 | B31: QT2026010096 | C31: บริษัทร้อกเวิธ | D31: โหลด ธนชาติ | E31: 1 | G31: 1 | L31: โหลดตู้ Phone Booth จำนวน 4 ตู้ (โหลด+ประกอบบ่างส่วน) | M31: 46081 | O31: 46081 | Q31: =IFERROR((DATEVALUE(O31)+TIMEVALUE(P31)-DATEVALUE(M31)-TIMEVALUE(N31))*24,) | S31: =Q31*T31 -> 0 | T31: =countif(U31:BR31,"="&1) -> 4 | X31: 1 | AE31: 1 | AJ31: 1 | BB31: 1
A32: 27 | B32: QT2025070009 | C32: บริษัทร้อกเวิธ | D32: การบินไทย Phas1 อาคาร 5 ชั้น 7 | F32: 1 | L32: ขนย้ายเฟอร์นิเจอร์-จัดสำนักงาน | M32: 46081 | O32: 46081 | Q32: =IFERROR((DATEVALUE(O32)+TIMEVALUE(P32)-DATEVALUE(M32)-TIMEVALUE(N32))*24,) | S32: =Q32*T32 -> 0 | T32: =countif(U32:BR32,"="&1) -> 1 | AF32: 1
A33: 28 | C33: บริษัทพาส 409 | D33: พาส409-Exxon | F33: 1 | L33: รื้อตู้ล็อกเกอร์ 1 ใบที่ชั้น15 มาสลับกับชั้น6 | M33: 46081 | O33: 46081 | Q33: =IFERROR((DATEVALUE(O33)+TIMEVALUE(P33)-DATEVALUE(M33)-TIMEVALUE(N33))*24,) | S33: =Q33*T33 -> 0 | T33: =countif(U33:BR33,"="&1) -> 3 | V33: 1 | X33: 1 | AJ33: 1
A34: 29 | B34: QT2026010060 | C34: เคมัว | D34: เค มัวร์ | K34: 1 | L34: รื้อ ขนทื้ง | M34: 46081 | O34: 46081 | Q34: =IFERROR((DATEVALUE(O34)+TIMEVALUE(P34)-DATEVALUE(M34)-TIMEVALUE(N34))*24,) | S34: =Q34*T34 -> 0 | T34: =countif(U34:BR34,"="&1) -> 0
A35: 30 | C35: บริษัทร้อกเวิธ | D35: A1-RW UOB ย้ายตู้ Mail Box 2 ใบ | F35: 1 | L35: ย้ายตู้ Mail Box 2 ใบ | M35: 46081 | O35: 46081 | Q35: =IFERROR((DATEVALUE(O35)+TIMEVALUE(P35)-DATEVALUE(M35)-TIMEVALUE(N35))*24,) | S35: =Q35*T35 -> 0 | T35: =countif(U35:BR35,"="&1) -> 0
A36: 31 | C36: บริษัทร้อกเวิธ | D36: การบินไทย Phas1 อาคาร 5 ชั้น 18 | F36: 1 | L36: ส่งงาน | M36: 46079 | O36: 46079 | Q36: =IFERROR((DATEVALUE(O36)+TIMEVALUE(P36)-DATEVALUE(M36)-TIMEVALUE(N36))*24,) | S36: =Q36*T36 -> 0 | T36: =countif(U36:BR36,"="&1) -> 0
A37: 32 | Q37: =IFERROR((DATEVALUE(O37)+TIMEVALUE(P37)-DATEVALUE(M37)-TIMEVALUE(N37))*24,) | S37: =Q37*T37 -> 0 | T37: =countif(U37:BR37,"="&1) -> 0
A38: 33 | Q38: =IFERROR((DATEVALUE(O38)+TIMEVALUE(P38)-DATEVALUE(M38)-TIMEVALUE(N38))*24,) | S38: =Q38*T38 -> 0 | T38: =countif(U38:BR38,"="&1) -> 0
A39: 34 | Q39: =IFERROR((DATEVALUE(O39)+TIMEVALUE(P39)-DATEVALUE(M39)-TIMEVALUE(N39))*24,) | S39: =Q39*T39 -> 0 | T39: =countif(U39:BR39,"="&1) -> 0
A40: 35 | Q40: =IFERROR((DATEVALUE(O40)+TIMEVALUE(P40)-DATEVALUE(M40)-TIMEVALUE(N40))*24,) | S40: =Q40*T40 -> 0 | T40: =countif(U40:BR40,"="&1) -> 0
A41: 36 | Q41: =IFERROR((DATEVALUE(O41)+TIMEVALUE(P41)-DATEVALUE(M41)-TIMEVALUE(N41))*24,) | S41: =Q41*T41 -> 0 | T41: =countif(U41:BR41,"="&1) -> 0
A42: 37 | Q42: =IFERROR((DATEVALUE(O42)+TIMEVALUE(P42)-DATEVALUE(M42)-TIMEVALUE(N42))*24,) | S42: =Q42*T42 -> 0 | T42: =countif(U42:BR42,"="&1) -> 0
A43: 38 | Q43: =IFERROR((DATEVALUE(O43)+TIMEVALUE(P43)-DATEVALUE(M43)-TIMEVALUE(N43))*24,) | S43: =Q43*T43 -> 0 | T43: =countif(U43:BR43,"="&1) -> 0
A44: 39 | Q44: =IFERROR((DATEVALUE(O44)+TIMEVALUE(P44)-DATEVALUE(M44)-TIMEVALUE(N44))*24,) | S44: =Q44*T44 -> 0 | T44: =countif(U44:BR44,"="&1) -> 0
A45: 40 | Q45: =IFERROR((DATEVALUE(O45)+TIMEVALUE(P45)-DATEVALUE(M45)-TIMEVALUE(N45))*24,) | S45: =Q45*T45 -> 0 | T45: =countif(U45:BR45,"="&1) -> 0
A46: 41 | Q46: =IFERROR((DATEVALUE(O46)+TIMEVALUE(P46)-DATEVALUE(M46)-TIMEVALUE(N46))*24,) | S46: =Q46*T46 -> 0 | T46: =countif(U46:BR46,"="&1) -> 0
A47: 42 | Q47: =IFERROR((DATEVALUE(O47)+TIMEVALUE(P47)-DATEVALUE(M47)-TIMEVALUE(N47))*24,) | S47: =Q47*T47 -> 0 | T47: =countif(U47:BR47,"="&1) -> 0
A48: 43 | Q48: =IFERROR((DATEVALUE(O48)+TIMEVALUE(P48)-DATEVALUE(M48)-TIMEVALUE(N48))*24,) | S48: =Q48*T48 -> 0 | T48: =countif(U48:BR48,"="&1) -> 0
... A52: 47 | Q52: =IFERROR((DATEVALUE(O52)+TIMEVALUE(P52)-DATEVALUE(M52)-TIMEVALUE(N52))*24,) | S52: =Q52*T52 -> 0 | T52: =countif(U52:BR52,"="&1) -> 0
A53: 48 | Q53: =IFERROR((DATEVALUE(O53)+TIMEVALUE(P53)-DATEVALUE(M53)-TIMEVALUE(N53))*24,) | S53: =Q53*T53 -> 0 | T53: =countif(U53:BR53,"="&1) -> 1 | U53: 1
A54: 49 | Q54: =IFERROR((DATEVALUE(O54)+TIMEVALUE(P54)-DATEVALUE(M54)-TIMEVALUE(N54))*24,) | S54: =Q54*T54 -> 0 | T54: =countif(U54:BR54,"="&1) -> 1 | U54: 1
A55: 50 | Q55: =IFERROR((DATEVALUE(O55)+TIMEVALUE(P55)-DATEVALUE(M55)-TIMEVALUE(N55))*24,) | S55: =Q55*T55 -> 0 | T55: =countif(U55:BR55,"="&1) -> 1 | U55: 1
A56: 51 | Q56: =IFERROR((DATEVALUE(O56)+TIMEVALUE(P56)-DATEVALUE(M56)-TIMEVALUE(N56))*24,) | S56: =Q56*T56 -> 0 | T56: =countif(U56:BR56,"="&1) -> 1 | U56: 1
A57: 52 | Q57: =IFERROR((DATEVALUE(O57)+TIMEVALUE(P57)-DATEVALUE(M57)-TIMEVALUE(N57))*24,) | S57: =Q57*T57 -> 0 | T57: =countif(U57:BR57,"="&1) -> 0
A58: 53 | Q58: =IFERROR((DATEVALUE(O58)+TIMEVALUE(P58)-DATEVALUE(M58)-TIMEVALUE(N58))*24,) | S58: =Q58*T58 -> 0 | T58: =countif(U58:BR58,"="&1) -> 0
A59: 54 | Q59: =IFERROR((DATEVALUE(O59)+TIMEVALUE(P59)-DATEVALUE(M59)-TIMEVALUE(N59))*24,) | S59: =Q59*T59 -> 0 | T59: =countif(U59:BR59,"="&1) -> 0
A60: 55 | Q60: =IFERROR((DATEVALUE(O60)+TIMEVALUE(P60)-DATEVALUE(M60)-TIMEVALUE(N60))*24,) | S60: =Q60*T60 -> 0 | T60: =countif(U60:BR60,"="&1) -> 0
A61: 56 | Q61: =IFERROR((DATEVALUE(O61)+TIMEVALUE(P61)-DATEVALUE(M61)-TIMEVALUE(N61))*24,) | S61: =Q61*T61 -> 0 | T61: =countif(U61:BR61,"="&1) -> 0
A62: 57 | Q62: =IFERROR((DATEVALUE(O62)+TIMEVALUE(P62)-DATEVALUE(M62)-TIMEVALUE(N62))*24,) | S62: =Q62*T62 -> 0 | T62: =countif(U62:BR62,"="&1) -> 0
A63: 58 | Q63: =IFERROR((DATEVALUE(O63)+TIMEVALUE(P63)-DATEVALUE(M63)-TIMEVALUE(N63))*24,) | S63: =Q63*T63 -> 0 | T63: =countif(U63:BR63,"="&1) -> 0
A64: 59 | Q64: =IFERROR((DATEVALUE(O64)+TIMEVALUE(P64)-DATEVALUE(M64)-TIMEVALUE(N64))*24,) | S64: =Q64*T64 -> 0 | T64: =countif(U64:BR64,"="&1) -> 0
A65: 60 | Q65: =IFERROR((DATEVALUE(O65)+TIMEVALUE(P65)-DATEVALUE(M65)-TIMEVALUE(N65))*24,) | S65: =Q65*T65 -> 0 | T65: =countif(U65:BR65,"="&1) -> 0
A66: 61 | Q66: =IFERROR((DATEVALUE(O66)+TIMEVALUE(P66)-DATEVALUE(M66)-TIMEVALUE(N66))*24,) | S66: =Q66*T66 -> 0 | T66: =countif(U66:BR66,"="&1) -> 0
A67: 62 | Q67: =IFERROR((DATEVALUE(O67)+TIMEVALUE(P67)-DATEVALUE(M67)-TIMEVALUE(N67))*24,) | S67: =Q67*T67 -> 0 | T67: =countif(U67:BR67,"="&1) -> 0
A68: 63 | Q68: =IFERROR((DATEVALUE(O68)+TIMEVALUE(P68)-DATEVALUE(M68)-TIMEVALUE(N68))*24,) | S68: =Q68*T68 -> 0 | T68: =countif(U68:BR68,"="&1) -> 0
... A146: 141 | Q146: =IFERROR((DATEVALUE(O146)+TIMEVALUE(P146)-DATEVALUE(M146)-TIMEVALUE(N146))*24,) | S146: =Q146*T146 -> 0 | T146: =countif(U146:BR146,"="&1) -> 0
A147: 142 | B147: QT2023030057 | Q147: =IFERROR((DATEVALUE(O147)+TIMEVALUE(P147)-DATEVALUE(M147)-TIMEVALUE(N147))*24,) | S147: =Q147*T147 -> 0 | T147: =countif(U147:BR147,"="&1) -> 0
A148: 143 | B148: QT2023030001 | Q148: =IFERROR((DATEVALUE(O148)+TIMEVALUE(P148)-DATEVALUE(M148)-TIMEVALUE(N148))*24,) | S148: =Q148*T148 -> 0 | T148: =countif(U148:BR148,"="&1) -> 0
A149: 144 | B149: QT2023020013 | Q149: =IFERROR((DATEVALUE(O149)+TIMEVALUE(P149)-DATEVALUE(M149)-TIMEVALUE(N149))*24,) | S149: =Q149*T149 -> 0 | T149: =countif(U149:BR149,"="&1) -> 0
A150: 145 | Q150: =IFERROR((DATEVALUE(O150)+TIMEVALUE(P150)-DATEVALUE(M150)-TIMEVALUE(N150))*24,) | S150: =Q150*T150 -> 0 | T150: =countif(U150:BR150,"="&1) -> 0
A151: 146 | B151: QT2023030052 | Q151: =IFERROR((DATEVALUE(O151)+TIMEVALUE(P151)-DATEVALUE(M151)-TIMEVALUE(N151))*24,) | S151: =Q151*T151 -> 0 | T151: =countif(U151:BR151,"="&1) -> 0
A152: 147 | Q152: =IFERROR((DATEVALUE(O152)+TIMEVALUE(P152)-DATEVALUE(M152)-TIMEVALUE(N152))*24,) | S152: =Q152*T152 -> 0 | T152: =countif(U152:BR152,"="&1) -> 0
A153: 148 | Q153: =IFERROR((DATEVALUE(O153)+TIMEVALUE(P153)-DATEVALUE(M153)-TIMEVALUE(N153))*24,) | S153: =Q153*T153 -> 0 | T153: =countif(U153:BR153,"="&1) -> 0
A154: 149 | Q154: =IFERROR((DATEVALUE(O154)+TIMEVALUE(P154)-DATEVALUE(M154)-TIMEVALUE(N154))*24,) | S154: =Q154*T154 -> 0 | T154: =countif(U154:BR154,"="&1) -> 0
A155: 150 | B155: QT2023030001 | Q155: =IFERROR((DATEVALUE(O155)+TIMEVALUE(P155)-DATEVALUE(M155)-TIMEVALUE(N155))*24,) | S155: =Q155*T155 -> 0 | T155: =countif(U155:BR155,"="&1) -> 0
A156: 151 | Q156: =IFERROR((DATEVALUE(O156)+TIMEVALUE(P156)-DATEVALUE(M156)-TIMEVALUE(N156))*24,) | S156: =Q156*T156 -> 0 | T156: =countif(U156:BR156,"="&1) -> 0
A157: 152 | B157: QT2023030001 | Q157: =IFERROR((DATEVALUE(O157)+TIMEVALUE(P157)-DATEVALUE(M157)-TIMEVALUE(N157))*24,) | S157: =Q157*T157 -> 0 | T157: =countif(U157:BR157,"="&1) -> 0
A158: 153 | B158: QT2023020020 | Q158: =IFERROR((DATEVALUE(O158)+TIMEVALUE(P158)-DATEVALUE(M158)-TIMEVALUE(N158))*24,) | S158: =Q158*T158 -> 0 | T158: =countif(U158:BR158,"="&1) -> 0
A159: 154 | B159: QT2023030052 | Q159: =IFERROR((DATEVALUE(O159)+TIMEVALUE(P159)-DATEVALUE(M159)-TIMEVALUE(N159))*24,) | S159: =Q159*T159 -> 0 | T159: =countif(U159:BR159,"="&1) -> 0
A160: 155 | Q160: =IFERROR((DATEVALUE(O160)+TIMEVALUE(P160)-DATEVALUE(M160)-TIMEVALUE(N160))*24,) | S160: =Q160*T160 -> 0 | T160: =countif(U160:BR160,"="&1) -> 0
A161: 156 | B161: QT2023030001 | Q161: =IFERROR((DATEVALUE(O161)+TIMEVALUE(P161)-DATEVALUE(M161)-TIMEVALUE(N161))*24,) | S161: =Q161*T161 -> 0 | T161: =countif(U161:BR161,"="&1) -> 0
A162: 157 | B162: QT2023030052 | Q162: =IFERROR((DATEVALUE(O162)+TIMEVALUE(P162)-DATEVALUE(M162)-TIMEVALUE(N162))*24,) | S162: =Q162*T162 -> 0 | T162: =countif(U162:BR162,"="&1) -> 0
A163: 158 | Q163: =IFERROR((DATEVALUE(O163)+TIMEVALUE(P163)-DATEVALUE(M163)-TIMEVALUE(N163))*24,) | S163: =Q163*T163 -> 0 | T163: =countif(U163:BR163,"="&1) -> 0
A164: 159 | Q164: =IFERROR((DATEVALUE(O164)+TIMEVALUE(P164)-DATEVALUE(M164)-TIMEVALUE(N164))*24,) | S164: =Q164*T164 -> 0 | T164: =countif(U164:BR164,"="&1) -> 0
A165: 160 | B165: QT2023020013 | Q165: =IFERROR((DATEVALUE(O165)+TIMEVALUE(P165)-DATEVALUE(M165)-TIMEVALUE(N165))*24,) | S165: =Q165*T165 -> 0 | T165: =countif(U165:BR165,"="&1) -> 0
A166: 161 | Q166: =IFERROR((DATEVALUE(O166)+TIMEVALUE(P166)-DATEVALUE(M166)-TIMEVALUE(N166))*24,) | S166: =Q166*T166 -> 0 | T166: =countif(U166:BR166,"="&1) -> 0
A167: 162 | B167: QT2023050015 | Q167: =IFERROR((DATEVALUE(O167)+TIMEVALUE(P167)-DATEVALUE(M167)-TIMEVALUE(N167))*24,) | S167: =Q167*T167 -> 0 | T167: =countif(U167:BR167,"="&1) -> 0
A168: 163 | B168: QT2023020013 | Q168: =IFERROR((DATEVALUE(O168)+TIMEVALUE(P168)-DATEVALUE(M168)-TIMEVALUE(N168))*24,) | S168: =Q168*T168 -> 0 | T168: =countif(U168:BR168,"="&1) -> 0
A169: 164 | B169: QT2023040011 | Q169: =IFERROR((DATEVALUE(O169)+TIMEVALUE(P169)-DATEVALUE(M169)-TIMEVALUE(N169))*24,) | S169: =Q169*T169 -> 0 | T169: =countif(U169:BR169,"="&1) -> 0
A170: 165 | B170: QT2023020013 | Q170: =IFERROR((DATEVALUE(O170)+TIMEVALUE(P170)-DATEVALUE(M170)-TIMEVALUE(N170))*24,) | S170: =Q170*T170 -> 0 | T170: =countif(U170:BR170,"="&1) -> 0
A171: 166 | B171: QT2023020008 | Q171: =IFERROR((DATEVALUE(O171)+TIMEVALUE(P171)-DATEVALUE(M171)-TIMEVALUE(N171))*24,) | S171: =Q171*T171 -> 0 | T171: =countif(U171:BR171,"="&1) -> 0
A172: 167 | Q172: =IFERROR((DATEVALUE(O172)+TIMEVALUE(P172)-DATEVALUE(M172)-TIMEVALUE(N172))*24,) | S172: =Q172*T172 -> 0 | T172: =countif(U172:BR172,"="&1) -> 0
A173: 168 | B173: QT2023020007 | Q173: =IFERROR((DATEVALUE(O173)+TIMEVALUE(P173)-DATEVALUE(M173)-TIMEVALUE(N173))*24,) | S173: =Q173*T173 -> 0 | T173: =countif(U173:BR173,"="&1) -> 0
A174: 169 | B174: QT2023020013 | Q174: =IFERROR((DATEVALUE(O174)+TIMEVALUE(P174)-DATEVALUE(M174)-TIMEVALUE(N174))*24,) | S174: =Q174*T174 -> 0 | T174: =countif(U174:BR174,"="&1) -> 0
A175: 170 | B175: QT202304007 | Q175: =IFERROR((DATEVALUE(O175)+TIMEVALUE(P175)-DATEVALUE(M175)-TIMEVALUE(N175))*24,) | S175: =Q175*T175 -> 0 | T175: =countif(U175:BR175,"="&1) -> 0
A176: 171 | Q176: =IFERROR((DATEVALUE(O176)+TIMEVALUE(P176)-DATEVALUE(M176)-TIMEVALUE(N176))*24,) | S176: =Q176*T176 -> 0 | T176: =countif(U176:BR176,"="&1) -> 0
A177: 172 | B177: QT2023030045 | Q177: =IFERROR((DATEVALUE(O177)+TIMEVALUE(P177)-DATEVALUE(M177)-TIMEVALUE(N177))*24,) | S177: =Q177*T177 -> 0 | T177: =countif(U177:BR177,"="&1) -> 0
A178: 173 | Q178: =IFERROR((DATEVALUE(O178)+TIMEVALUE(P178)-DATEVALUE(M178)-TIMEVALUE(N178))*24,) | S178: =Q178*T178 -> 0 | T178: =countif(U178:BR178,"="&1) -> 0
A179: 174 | B179: QT202305015 | Q179: =IFERROR((DATEVALUE(O179)+TIMEVALUE(P179)-DATEVALUE(M179)-TIMEVALUE(N179))*24,) | S179: =Q179*T179 -> 0 | T179: =countif(U179:BR179,"="&1) -> 0
A180: 175 | B180: QT202304007 | Q180: =IFERROR((DATEVALUE(O180)+TIMEVALUE(P180)-DATEVALUE(M180)-TIMEVALUE(N180))*24,) | S180: =Q180*T180 -> 0 | T180: =countif(U180:BR180,"="&1) -> 0
...

Sheet ViewByMonth
A1: 1 | B1: 2 | C1: 3 | D1: 4 | E1: 5 | F1: 6 | G1: 7 | H1: 8 | I1: 9 | J1: 10 | K1: 11 | L1: 12 | M1: 13 | N1: 14 | O1: 15 | P1: 16 | Q1: 17 | R1: 18 | S1: 19 | T1: 20 | U1: 21 | V1: 22 | W1: 23 | X1: 24 | Y1: 25 | Z1: 26 | AA1: 27 | AB1: 28 | AC1: 29 | AD1: 30 | AE1: 31 | AF1: 32 | AG1: 33 | AH1: 34 | AI1: 35 | AJ1: 36 | AK1: 37 | AL1: 38 | AM1: 39 | AN1: 40 | AO1: 41 | AP1: 42 | AQ1: 43 | AR1: 44 | AS1: 45 | AT1: 46 | AU1: 47 | AV1: 48 | AW1: 49 | AX1: 50 | AY1: 51 | AZ1: 52 | BA1: 53 | BB1: 54 | BC1: 55 | BD1: 56 | BE1: 57 | BF1: 58 | BG1: 59 | BH1: 60 | BI1: 61 | BJ1: 62 | BK1: 63 | BL1: 64 | BM1: 65 | BN1: 66 | BO1: 67 | BP1: 68 | BQ1: 69 | BR1: 70 | BS1: 71 | BT1: 72 | BU1: 73 | BV1: 74 | BW1: 75 | BX1: 76 | BY1: 77 | BZ1: 78 | CA1: 79 | CB1: 80 | CC1: 81 | CD1: 82 | CE1: 83 | CF1: 84 | CG1: 85 | CH1: 86 | CI1: 87 | CJ1: 88 | CK1: 89 | CL1: 90 | CM1: 91 | CN1: 92
C2: 2026 | BT2: =COLUMN(BT2) -> 72
C3: กุมภาพันธ์ | S3: ปริมาณงานสูงสุดที่ทำได้ | T3: =Parameter!$Q$2*Parameter!$Q$3*Parameter!$Q$4 -> 7072 | V3: =IFERROR(__xludf.DUMMYFUNCTION("SPARKLINE(V$4,{""charttype"",""column"";""ymin"",MIN($V$4:$BE$4);""ymax"",MAX($V$4:$BE$4);""color"",""blue""})"),"") | W3: =IFERROR(__xludf.DUMMYFUNCTION("SPARKLINE(W$4,{""charttype"",""column"";""ymin"",MIN($V$4:$BE$4);""ymax"",MAX($V$4:$BE$4);""color"",""blue""})"),"") | X3: =IFERROR(__xludf.DUMMYFUNCTION("SPARKLINE(X$4,{""charttype"",""column"";""ymin"",MIN($V$4:$BE$4);""ymax"",MAX($V$4:$BE$4);""color"",""blue""})"),"") | Y3: =IFERROR(__xludf.DUMMYFUNCTION("SPARKLINE(Y$4,{""charttype"",""column"";""ymin"",MIN($V$4:$BE$4);""ymax"",MAX($V$4:$BE$4);""color"",""blue""})"),"") | Z3: =IFERROR(__xludf.DUMMYFUNCTION("SPARKLINE(Z$4,{""charttype"",""column"";""ymin"",MIN($V$4:$BE$4);""ymax"",MAX($V$4:$BE$4);""color"",""blue""})"),"") | AA3: =IFERROR(__xludf.DUMMYFUNCTION("SPARKLINE(AA$4,{""charttype"",""column"";""ymin"",MIN($V$4:$BE$4);""ymax"",MAX($V$4:$BE$4);""color"",""blue""})"),"") | AB3: =IFERROR(__xludf.DUMMYFUNCTION("SPARKLINE(AB$4,{""charttype"",""column"";""ymin"",MIN($V$4:$BE$4);""ymax"",MAX($V$4:$BE$4);""color"",""blue""})"),"") | AC3: =IFERROR(__xludf.DUMMYFUNCTION("SPARKLINE(AC$4,{""charttype"",""column"";""ymin"",MIN($V$4:$BE$4);""ymax"",MAX($V$4:$BE$4);""color"",""blue""})"),"") | AD3: =IFERROR(__xludf.DUMMYFUNCTION("SPARKLINE(AD$4,{""charttype"",""column"";""ymin"",MIN($V$4:$BE$4);""ymax"",MAX($V$4:$BE$4);""color"",""blue""})"),"") | AE3: =IFERROR(__xludf.DUMMYFUNCTION("SPARKLINE(AE$4,{""charttype"",""column"";""ymin"",MIN($V$4:$BE$4);""ymax"",MAX($V$4:$BE$4);""color"",""blue""})"),"") | AF3: =IFERROR(__xludf.DUMMYFUNCTION("SPARKLINE(AF$4,{""charttype"",""column"";""ymin"",MIN($V$4:$BE$4);""ymax"",MAX($V$4:$BE$4);""color"",""blue""})"),"") | AG3: =IFERROR(__xludf.DUMMYFUNCTION("SPARKLINE(AG$4,{""charttype"",""column"";""ymin"",MIN($V$4:$BE$4);""ymax"",MAX($V$4:$BE$4);""color"",""blue""})"),"") | AH3: =IFERROR(__xludf.DUMMYFUNCTION("SPARKLINE(AH$4,{""charttype"",""column"";""ymin"",MIN($V$4:$BE$4);""ymax"",MAX($V$4:$BE$4);""color"",""blue""})"),"") | AI3: =IFERROR(__xludf.DUMMYFUNCTION("SPARKLINE(AI$4,{""charttype"",""column"";""ymin"",MIN($V$4:$BE$4);""ymax"",MAX($V$4:$BE$4);""color"",""blue""})"),"") | AJ3: =IFERROR(__xludf.DUMMYFUNCTION("SPARKLINE(AJ$4,{""charttype"",""column"";""ymin"",MIN($V$4:$BE$4);""ymax"",MAX($V$4:$BE$4);""color"",""blue""})"),"") | AK3: =IFERROR(__xludf.DUMMYFUNCTION("SPARKLINE(AK$4,{""charttype"",""column"";""ymin"",MIN($V$4:$BE$4);""ymax"",MAX($V$4:$BE$4);""color"",""blue""})"),"") | AL3: =IFERROR(__xludf.DUMMYFUNCTION("SPARKLINE(AL$4,{""charttype"",""column"";""ymin"",MIN($V$4:$BE$4);""ymax"",MAX($V$4:$BE$4);""color"",""blue""})"),"") | AM3: =IFERROR(__xludf.DUMMYFUNCTION("SPARKLINE(AM$4,{""charttype"",""column"";""ymin"",MIN($V$4:$BE$4);""ymax"",MAX($V$4:$BE$4);""color"",""blue""})"),"") | AN3: =IFERROR(__xludf.DUMMYFUNCTION("SPARKLINE(AN$4,{""charttype"",""column"";""ymin"",MIN($V$4:$BE$4);""ymax"",MAX($V$4:$BE$4);""color"",""blue""})"),"") | AO3: =IFERROR(__xludf.DUMMYFUNCTION("SPARKLINE(AO$4,{""charttype"",""column"";""ymin"",MIN($V$4:$BE$4);""ymax"",MAX($V$4:$BE$4);""color"",""blue""})"),"") | AP3: =IFERROR(__xludf.DUMMYFUNCTION("SPARKLINE(AP$4,{""charttype"",""column"";""ymin"",MIN($V$4:$BE$4);""ymax"",MAX($V$4:$BE$4);""color"",""blue""})"),"") | AQ3: =IFERROR(__xludf.DUMMYFUNCTION("SPARKLINE(AQ$4,{""charttype"",""column"";""ymin"",MIN($V$4:$BE$4);""ymax"",MAX($V$4:$BE$4);""color"",""blue""})"),"") | AR3: =IFERROR(__xludf.DUMMYFUNCTION("SPARKLINE(AR$4,{""charttype"",""column"";""ymin"",MIN($V$4:$BE$4);""ymax"",MAX($V$4:$BE$4);""color"",""blue""})"),"") | AS3: =IFERROR(__xludf.DUMMYFUNCTION("SPARKLINE(AS$4,{""charttype"",""column"";""ymin"",MIN($V$4:$BE$4);""ymax"",MAX($V$4:$BE$4);""color"",""blue""})"),"") | AT3: =IFERROR(__xludf.DUMMYFUNCTION("SPARKLINE(AT$4,{""charttype"",""column"";""ymin"",MIN($V$4:$BE$4);""ymax"",MAX($V$4:$BE$4);""color"",""blue""})"),"") | AU3: =IFERROR(__xludf.DUMMYFUNCTION("SPARKLINE(AU$4,{""charttype"",""column"";""ymin"",MIN($V$4:$BE$4);""ymax"",MAX($V$4:$BE$4);""color"",""blue""})"),"") | AV3: =IFERROR(__xludf.DUMMYFUNCTION("SPARKLINE(AV$4,{""charttype"",""column"";""ymin"",MIN($V$4:$BE$4);""ymax"",MAX($V$4:$BE$4);""color"",""blue""})"),"") | AW3: =IFERROR(__xludf.DUMMYFUNCTION("SPARKLINE(AW$4,{""charttype"",""column"";""ymin"",MIN($V$4:$BE$4);""ymax"",MAX($V$4:$BE$4);""color"",""blue""})"),"") | AX3: =IFERROR(__xludf.DUMMYFUNCTION("SPARKLINE(AX$4,{""charttype"",""column"";""ymin"",MIN($V$4:$BE$4);""ymax"",MAX($V$4:$BE$4);""color"",""blue""})"),"") | AY3: =IFERROR(__xludf.DUMMYFUNCTION("SPARKLINE(AY$4,{""charttype"",""column"";""ymin"",MIN($V$4:$BE$4);""ymax"",MAX($V$4:$BE$4);""color"",""blue""})"),"") | AZ3: =IFERROR(__xludf.DUMMYFUNCTION("SPARKLINE(AZ$4,{""charttype"",""column"";""ymin"",MIN($V$4:$BE$4);""ymax"",MAX($V$4:$BE$4);""color"",""blue""})"),"") | BA3: =IFERROR(__xludf.DUMMYFUNCTION("SPARKLINE(BA$4,{""charttype"",""column"";""ymin"",MIN($V$4:$BE$4);""ymax"",MAX($V$4:$BE$4);""color"",""blue""})"),"") | BB3: =IFERROR(__xludf.DUMMYFUNCTION("SPARKLINE(BB$4,{""charttype"",""column"";""ymin"",MIN($V$4:$BE$4);""ymax"",MAX($V$4:$BE$4);""color"",""blue""})"),"") | BC3: =IFERROR(__xludf.DUMMYFUNCTION("SPARKLINE(BC$4,{""charttype"",""column"";""ymin"",MIN($V$4:$BE$4);""ymax"",MAX($V$4:$BE$4);""color"",""blue""})"),"") | BD3: =IFERROR(__xludf.DUMMYFUNCTION("SPARKLINE(BD$4,{""charttype"",""column"";""ymin"",MIN($V$4:$BE$4);""ymax"",MAX($V$4:$BE$4);""color"",""blue""})"),"") | BE3: =IFERROR(__xludf.DUMMYFUNCTION("SPARKLINE(BE$4,{""charttype"",""column"";""ymin"",MIN($V$4:$BE$4);""ymax"",MAX($V$4:$BE$4);""color"",""blue""})"),"") | BF3: =IFERROR(__xludf.DUMMYFUNCTION("SPARKLINE(BF$4,{""charttype"",""column"";""ymin"",MIN($V$4:$BE$4);""ymax"",MAX($V$4:$BE$4);""color"",""blue""})"),"") | BG3: =IFERROR(__xludf.DUMMYFUNCTION("SPARKLINE(BG$4,{""charttype"",""column"";""ymin"",MIN($V$4:$BE$4);""ymax"",MAX($V$4:$BE$4);""color"",""blue""})"),"") | BH3: =IFERROR(__xludf.DUMMYFUNCTION("SPARKLINE(BH$4,{""charttype"",""column"";""ymin"",MIN($V$4:$BE$4);""ymax"",MAX($V$4:$BE$4);""color"",""blue""})"),"") | BI3: =IFERROR(__xludf.DUMMYFUNCTION("SPARKLINE(BI$4,{""charttype"",""column"";""ymin"",MIN($V$4:$BE$4);""ymax"",MAX($V$4:$BE$4);""color"",""blue""})"),"")
S4: ปริมาณงานที่ทำ | T4: =SUM(T7:T1004) -> 293 | V4: =SUMPRODUCT($R$7:$R1004,V7:V1004) -> 32 | W4: =SUMPRODUCT($R$7:$R1004,W7:W1004) -> 32 | X4: =SUMPRODUCT($R$7:$R1004,X7:X1004) -> 2 | Y4: =SUMPRODUCT($R$7:$R1004,Y7:Y1004) -> 30 | Z4: =SUMPRODUCT($R$7:$R1004,Z7:Z1004) -> 13 | AA4: =SUMPRODUCT($R$7:$R1004,AA7:AA1004) -> 32 | AB4: =SUMPRODUCT($R$7:$R1004,AB7:AB1004) -> 0 | AC4: =SUMPRODUCT($R$7:$R1004,AC7:AC1004) -> 0 | ... BI4: =SUMPRODUCT($R$7:$R1004,BI7:BI1004) -> 0
B5: =COUNTA(B7:B1004) -> 31 | F5: โหลด | G5: ขนย้าย | H5: ติดต้ั้ง | I5: โกดัง | J5: ทำของ | K5: มาร์กไลน์ | L5: อื่นๆ | N5: =TODAY() -> 46078 | S5: อัตรางานที่ที่ทำ | T5: =T4/T3 -> 0.041430995 | V5: {=INDEX(List_Nickname,V$6)} -> ตี๋ | W5: {=INDEX(List_Nickname,W$6)} -> พี่หนู / ชาย | X5: {=INDEX(List_Nickname,X$6)} -> พี่ล้าน | Y5: {=INDEX(List_Nickname,Y$6)} -> พี่บอล | Z5: {=INDEX(List_Nickname,Z$6)} -> พี่เดี่ยว | AA5: {=INDEX(List_Nickname,AA$6)} -> พี่ตุ๊ก | AB5: {=INDEX(List_Nickname,AB$6)} -> แพร | AC5: {=INDEX(List_Nickname,AC$6)} -> พี่เปิ้ล | ... BS5: {=INDEX(List_Nickname,BS$6)} | CG5: ล่วงเวลาวันปกติ | CH5: เวลาปกติ วันหยุด | CI5: ล่วงเวลาวันหยุด
A6: ลำดับ | B6: ID | C6: QT | D6: ชื่องาน | E6: ชื่องานย่อย | M6: อธิบายงาน | N6: วันที่เริ่ม | O6: เวลาเริ่ม | P6: วันที่เลิก | Q6: เวลาเลิก | R6: ชั่วโมงทำงาน | S6: จำนวนคนที่ต้องการ | T6: ปริมาณงาน | U6: จำนวนคนที่ได้ | V6: 1 | W6: 2 | X6: 3 | Y6: 4 | Z6: 5 | AA6: 6 | AB6: 7 | AC6: 8 | AD6: 9 | AE6: 10 | AF6: 11 | AG6: 12 | AH6: 13 | AI6: 14 | AJ6: 15 | AK6: 16 | AL6: 17 | AM6: 18 | AN6: 19 | AO6: 20 | AP6: 21 | AQ6: 22 | AR6: 23 | AS6: 24 | AT6: 25 | AU6: 26 | AV6: 27 | AW6: 28 | AX6: 29 | AY6: 30 | AZ6: 31 | BA6: 32 | BB6: 33 | BC6: 34 | BD6: 35 | BE6: 36 | BF6: 37 | BG6: 38 | BH6: 39 | BI6: 40 | BJ6: 41 | BK6: 42 | BL6: 43 | BM6: 44 | BN6: 45 | BO6: 46 | BP6: 47 | BQ6: 48 | BR6: 49 | BS6: 50 | BT6: ชนิดวัน | BU6: Work Start | BV6: Work End | BW6: Lunch Start | BX6: Lunch End | BY6: Dinner Start | BZ6: Dinner End | CA6: Lunch Included | CB6: Dinner Included | CC6: Net Duration | CD6: 0.75 | CE6: Duration Before 6pm | CF6: Duration After 6pm | CG6: OT วันปกติ 1.5 | CH6: OT วันหยุด 2 | CI6: OT หลัง 6pm วันหยุด 3
A7: =IF(ISBLANK(B7),,ROW(A7)-ROW($A$6)) -> 1 | B7: =IFERROR(__xludf.DUMMYFUNCTION("FILTER(dataJobIn,IF($C$2="""",JobDate<>"""",IF($C$3="""",YEAR(JobDate)=vYearSelected,IF($C$4="""",MONTH(JobDate)=vMonthSelected,JobDate=vDateSelected))))"),1.0) -> 1 | C7: =IFERROR(__xludf.DUMMYFUNCTION("""COMPUTED_VALUE"""),"QT2025080042") -> QT2025080042 | D7: =IFERROR(__xludf.DUMMYFUNCTION("""COMPUTED_VALUE"""),"บริษัทร้อกเวิธ") -> บริษัทร้อกเวิธ | E7: =IFERROR(__xludf.DUMMYFUNCTION("""COMPUTED_VALUE"""),"TOYOTA บางบ่อHO3/HO2") -> TOYOTA บางบ่อHO3/HO2 | H7: =IFERROR(__xludf.DUMMYFUNCTION("""COMPUTED_VALUE"""),1.0) -> 1 | M7: =IFERROR(__xludf.DUMMYFUNCTION("""COMPUTED_VALUE"""),"ติดตั้งชุดโต๊ะทำงาน") -> ติดตั้งชุดโต๊ะทำงาน | N7: =IFERROR(__xludf.DUMMYFUNCTION("""COMPUTED_VALUE"""),46078.0) -> 46078 | O7: =IFERROR(__xludf.DUMMYFUNCTION("""COMPUTED_VALUE"""),0.2916666666666667) -> 0.29166667 | P7: =IFERROR(__xludf.DUMMYFUNCTION("""COMPUTED_VALUE"""),46078.0) -> 46078 | Q7: =IFERROR(__xludf.DUMMYFUNCTION("""COMPUTED_VALUE"""),0.375) -> 0.375 | R7: =IFERROR(__xludf.DUMMYFUNCTION("""COMPUTED_VALUE"""),1.9999999999999996) -> 2 | S7: =IFERROR(__xludf.DUMMYFUNCTION("""COMPUTED_VALUE"""),5.0) -> 5 | T7: =IFERROR(__xludf.DUMMYFUNCTION("""COMPUTED_VALUE"""),13.999999999999996) -> 14 | U7: =IFERROR(__xludf.DUMMYFUNCTION("""COMPUTED_VALUE"""),7.0) -> 7 | V7: =IFERROR(__xludf.DUMMYFUNCTION("""COMPUTED_VALUE"""),1.0) -> 1 | W7: =IFERROR(__xludf.DUMMYFUNCTION("""COMPUTED_VALUE"""),1.0) -> 1 | X7: =IFERROR(__xludf.DUMMYFUNCTION("""COMPUTED_VALUE"""),1.0) -> 1 | Z7: =IFERROR(__xludf.DUMMYFUNCTION("""COMPUTED_VALUE"""),1.0) -> 1 | AA7: =IFERROR(__xludf.DUMMYFUNCTION("""COMPUTED_VALUE"""),1.0) -> 1 | AD7: =IFERROR(__xludf.DUMMYFUNCTION("""COMPUTED_VALUE"""),1.0) -> 1 | AW7: =IFERROR(__xludf.DUMMYFUNCTION("""COMPUTED_VALUE"""),1.0) -> 1 | BT7: =IF(ISBLANK(B7),,IF(IFNA(MATCH(N7,List_Holidays,0),0)=0,IF(IFNA(MATCH(WEEKDAY(N7),List_WeekHolidays,0),0),1,0),2)) -> 0 | BU7: =N7+O7 -> 46078.292 | BV7: =P7+Q7 -> 46078.375 | BW7: =IF($BU7>cLunchEnd+$N7,cLunchBegin+$N7+1,cLunchBegin+$N7) -> 46078.5 | BX7: =IF($BU7>cLunchEnd+$N7,cLunchEnd+$N7+1,cLunchEnd+$N7) -> 46078.542 | BY7: =IF($BU7>cDinnerEnd+$N7,cDinnerBegin+$N7+1,cDinnerBegin+$N7) -> 46078.75 | BZ7: =IF($BU7>cDinnerEnd+$N7,cDinnerEnd+$N7+1,cDinnerEnd+$N7) -> 46078.792 | CA7: =IF((MIN($BV7,BX7)-MAX($BU7,BW7))>0,vDurationLunch,) | CB7: =IF((MIN($BV7,BZ7)-MAX($BU7,BY7))>0,vDurationDinner,) | CC7: =(BV7-BU7)*24-CA7-CB7 -> 2 | CD7: =INT(N7)+TIMEVALUE("18:00") -> 46078.75 | CE7: =IF(CD7>BV7,,(MIN(BV7,CD7)-BU7)*24) | CF7: =IF(BV7-MAX(BU7,CD7)<0,,(BV7-MAX(BU7,CD7))*24) | CG7: =IF($BT7=0,$CF7,) | CH7: =IF($BT7=1,$CE7,) | CI7: =IF($BT7=1,$CF7,)
A8: =IF(ISBLANK(B8),,ROW(A8)-ROW($A$6)) -> 2 | B8: =IFERROR(__xludf.DUMMYFUNCTION("""COMPUTED_VALUE"""),2.0) -> 2 | C8: =IFERROR(__xludf.DUMMYFUNCTION("""COMPUTED_VALUE"""),"QT2025080042") -> QT2025080042 | D8: =IFERROR(__xludf.DUMMYFUNCTION("""COMPUTED_VALUE"""),"บริษัทร้อกเวิธ") -> บริษัทร้อกเวิธ | E8: =IFERROR(__xludf.DUMMYFUNCTION("""COMPUTED_VALUE"""),"TOYOTA บางบ่อHO2") -> TOYOTA บางบ่อHO2 | F8: =IFERROR(__xludf.DUMMYFUNCTION("""COMPUTED_VALUE"""),1.0) -> 1 | M8: =IFERROR(__xludf.DUMMYFUNCTION("""COMPUTED_VALUE"""),"โหลดตู้ Locker") -> โหลดตู้ Locker | N8: =IFERROR(__xludf.DUMMYFUNCTION("""COMPUTED_VALUE"""),46078.0) -> 46078 | O8: =IFERROR(__xludf.DUMMYFUNCTION("""COMPUTED_VALUE"""),0.375) -> 0.375 | P8: =IFERROR(__xludf.DUMMYFUNCTION("""COMPUTED_VALUE"""),46078.0) -> 46078 | Q8: =IFERROR(__xludf.DUMMYFUNCTION("""COMPUTED_VALUE"""),0.7083333333333334) -> 0.70833333 | R8: =IFERROR(__xludf.DUMMYFUNCTION("""COMPUTED_VALUE"""),8.000000000058208) -> 8 | T8: =IFERROR(__xludf.DUMMYFUNCTION("""COMPUTED_VALUE"""),24.000000000174623) -> 24 | U8: =IFERROR(__xludf.DUMMYFUNCTION("""COMPUTED_VALUE"""),3.0) -> 3 | AE8: =IFERROR(__xludf.DUMMYFUNCTION("""COMPUTED_VALUE"""),1.0) -> 1 | AF8: =IFERROR(__xludf.DUMMYFUNCTION("""COMPUTED_VALUE"""),1.0) -> 1 | AT8: =IFERROR(__xludf.DUMMYFUNCTION("""COMPUTED_VALUE"""),1.0) -> 1 | BT8: =IF(ISBLANK(B8),,IF(IFNA(MATCH(N8,List_Holidays,0),0)=0,IF(IFNA(MATCH(WEEKDAY(N8),List_WeekHolidays,0),0),1,0),2)) -> 0 | BU8: =N8+O8 -> 46078.375 | BV8: =P8+Q8 -> 46078.708 | BW8: =IF($BU8>cLunchEnd+$N8,cLunchBegin+$N8+1,cLunchBegin+$N8) -> 46078.5 | BX8: =IF($BU8>cLunchEnd+$N8,cLunchEnd+$N8+1,cLunchEnd+$N8) -> 46078.542 | BY8: =IF($BU8>cDinnerEnd+$N8,cDinnerBegin+$N8+1,cDinnerBegin+$N8) -> 46078.75 | BZ8: =IF($BU8>cDinnerEnd+$N8,cDinnerEnd+$N8+1,cDinnerEnd+$N8) -> 46078.792 | CA8: =IF((MIN($BV8,BX8)-MAX($BU8,BW8))>0,vDurationLunch,) -> 1 | CB8: =IF((MIN($BV8,BZ8)-MAX($BU8,BY8))>0,vDurationDinner,) | CC8: =(BV8-BU8)*24-CA8-CB8 -> 7 | CD8: =INT(N8)+TIMEVALUE("18:00") -> 46078.75 | CE8: =IF(CD8>BV8,,(MIN(BV8,CD8)-BU8)*24) | CF8: =IF(BV8-MAX(BU8,CD8)<0,,(BV8-MAX(BU8,CD8))*24) | CG8: =IF($BT8=0,$CF8,) | CH8: =IF($BT8=1,$CE8,) | CI8: =IF($BT8=1,$CF8,)
A9: =IF(ISBLANK(B9),,ROW(A9)-ROW($A$6)) -> 3 | B9: =IFERROR(__xludf.DUMMYFUNCTION("""COMPUTED_VALUE"""),3.0) -> 3 | C9: =IFERROR(__xludf.DUMMYFUNCTION("""COMPUTED_VALUE"""),"QT2025080042") -> QT2025080042 | D9: =IFERROR(__xludf.DUMMYFUNCTION("""COMPUTED_VALUE"""),"บริษัทร้อกเวิธ") -> บริษัทร้อกเวิธ | E9: =IFERROR(__xludf.DUMMYFUNCTION("""COMPUTED_VALUE"""),"TOYOTA บ้านโพธิ์") -> TOYOTA บ้านโพธิ์ | H9: =IFERROR(__xludf.DUMMYFUNCTION("""COMPUTED_VALUE"""),1.0) -> 1 | M9: =IFERROR(__xludf.DUMMYFUNCTION("""COMPUTED_VALUE"""),"ติดตั้ง ") -> ติดตั้ง | N9: =IFERROR(__xludf.DUMMYFUNCTION("""COMPUTED_VALUE"""),46078.0) -> 46078 | O9: =IFERROR(__xludf.DUMMYFUNCTION("""COMPUTED_VALUE"""),0.6666666666666666) -> 0.66666667 | P9: =IFERROR(__xludf.DUMMYFUNCTION("""COMPUTED_VALUE"""),46079.0) -> 46079 | Q9: =IFERROR(__xludf.DUMMYFUNCTION("""COMPUTED_VALUE"""),0.125) -> 0.125 | R9: =IFERROR(__xludf.DUMMYFUNCTION("""COMPUTED_VALUE"""),11.0) -> 11 | S9: =IFERROR(__xludf.DUMMYFUNCTION("""COMPUTED_VALUE"""),2.0) -> 2 | T9: =IFERROR(__xludf.DUMMYFUNCTION("""COMPUTED_VALUE"""),44.0) -> 44 | U9: =IFERROR(__xludf.DUMMYFUNCTION("""COMPUTED_VALUE"""),4.0) -> 4 | Z9: =IFERROR(__xludf.DUMMYFUNCTION("""COMPUTED_VALUE"""),1.0) -> 1 | AE9: =IFERROR(__xludf.DUMMYFUNCTION("""COMPUTED_VALUE"""),1.0) -> 1 | AH9: =IFERROR(__xludf.DUMMYFUNCTION("""COMPUTED_VALUE"""),1.0) -> 1 | AT9: =IFERROR(__xludf.DUMMYFUNCTION("""COMPUTED_VALUE"""),1.0) -> 1 | BT9: =IF(ISBLANK(B9),,IF(IFNA(MATCH(N9,List_Holidays,0),0)=0,IF(IFNA(MATCH(WEEKDAY(N9),List_WeekHolidays,0),0),1,0),2)) -> 0 | BU9: =N9+O9 -> 46078.667 | BV9: =P9+Q9 -> 46079.125 | BW9: =IF($BU9>cLunchEnd+$N9,cLunchBegin+$N9+1,cLunchBegin+$N9) -> 46079.5 | BX9: =IF($BU9>cLunchEnd+$N9,cLunchEnd+$N9+1,cLunchEnd+$N9) -> 46079.542 | BY9: =IF($BU9>cDinnerEnd+$N9,cDinnerBegin+$N9+1,cDinnerBegin+$N9) -> 46078.75 | BZ9: =IF($BU9>cDinnerEnd+$N9,cDinnerEnd+$N9+1,cDinnerEnd+$N9) -> 46078.792 | CA9: =IF((MIN($BV9,BX9)-MAX($BU9,BW9))>0,vDurationLunch,) | CB9: =IF((MIN($BV9,BZ9)-MAX($BU9,BY9))>0,vDurationDinner,) -> 1 | CC9: =(BV9-BU9)*24-CA9-CB9 -> 10 | CD9: =INT(N9)+TIMEVALUE("18:00") -> 46078.75 | CE9: =IF(CD9>BV9,,(MIN(BV9,CD9)-BU9)*24) -> 2 | CF9: =IF(BV9-MAX(BU9,CD9)<0,,(BV9-MAX(BU9,CD9))*24) -> 9 | CG9: =IF($BT9=0,$CF9,) -> 9 | CH9: =IF($BT9=1,$CE9,) | CI9: =IF($BT9=1,$CF9,)
A10: =IF(ISBLANK(B10),,ROW(A10)-ROW($A$6)) -> 4 | B10: =IFERROR(__xludf.DUMMYFUNCTION("""COMPUTED_VALUE"""),4.0) -> 4 | C10: =IFERROR(__xludf.DUMMYFUNCTION("""COMPUTED_VALUE"""),"QT2025090063") -> QT2025090063 | D10: =IFERROR(__xludf.DUMMYFUNCTION("""COMPUTED_VALUE"""),"บริษัทโอคามูระ") -> บริษัทโอคามูระ | E10: =IFERROR(__xludf.DUMMYFUNCTION("""COMPUTED_VALUE"""),"TOYOTA บางบ่อ HO2") -> TOYOTA บางบ่อ HO2 | L10: =IFERROR(__xludf.DUMMYFUNCTION("""COMPUTED_VALUE"""),1.0) -> 1 | M10: =IFERROR(__xludf.DUMMYFUNCTION("""COMPUTED_VALUE"""),"ส่งเก้าอี้ เก้าอี้โต๊ะประชุม8 / เก้าอี้ทำงาน 162 / EVP-พาทิชั่น 2") -> ส่งเก้าอี้ เก้าอี้โต๊ะประชุม8 / เก้าอี้ทำงาน 162 / EVP-พาทิชั่น 2 | N10: =IFERROR(__xludf.DUMMYFUNCTION("""COMPUTED_VALUE"""),46078.0) -> 46078 | P10: =IFERROR(__xludf.DUMMYFUNCTION("""COMPUTED_VALUE"""),46078.0) -> 46078 | U10: =IFERROR(__xludf.DUMMYFUNCTION("""COMPUTED_VALUE"""),3.0) -> 3 | Y10: =IFERROR(__xludf.DUMMYFUNCTION("""COMPUTED_VALUE"""),1.0) -> 1 | AH10: =IFERROR(__xludf.DUMMYFUNCTION("""COMPUTED_VALUE"""),1.0) -> 1 | AK10: =IFERROR(__xludf.DUMMYFUNCTION("""COMPUTED_VALUE"""),1.0) -> 1 | BT10: =IF(ISBLANK(B10),,IF(IFNA(MATCH(N10,List_Holidays,0),0)=0,IF(IFNA(MATCH(WEEKDAY(N10),List_WeekHolidays,0),0),1,0),2)) -> 0 | BU10: =N10+O10 -> 46078 | BV10: =P10+Q10 -> 46078 | BW10: =IF($BU10>cLunchEnd+$N10,cLunchBegin+$N10+1,cLunchBegin+$N10) -> 46078.5 | BX10: =IF($BU10>cLunchEnd+$N10,cLunchEnd+$N10+1,cLunchEnd+$N10) -> 46078.542 | BY10: =IF($BU10>cDinnerEnd+$N10,cDinnerBegin+$N10+1,cDinnerBegin+$N10) -> 46078.75 | BZ10: =IF($BU10>cDinnerEnd+$N10,cDinnerEnd+$N10+1,cDinnerEnd+$N10) -> 46078.792 | CA10: =IF((MIN($BV10,BX10)-MAX($BU10,BW10))>0,vDurationLunch,) | CB10: =IF((MIN($BV10,BZ10)-MAX($BU10,BY10))>0,vDurationDinner,) | CC10: =(BV10-BU10)*24-CA10-CB10 -> 0 | CD10: =INT(N10)+TIMEVALUE("18:00") -> 46078.75 | CE10: =IF(CD10>BV10,,(MIN(BV10,CD10)-BU10)*24) | CF10: =IF(BV10-MAX(BU10,CD10)<0,,(BV10-MAX(BU10,CD10))*24) | CG10: =IF($BT10=0,$CF10,) | CH10: =IF($BT10=1,$CE10,) | CI10: =IF($BT10=1,$CF10,)
A11: =IF(ISBLANK(B11),,ROW(A11)-ROW($A$6)) -> 5 | B11: =IFERROR(__xludf.DUMMYFUNCTION("""COMPUTED_VALUE"""),5.0) -> 5 | C11: =IFERROR(__xludf.DUMMYFUNCTION("""COMPUTED_VALUE"""),"QT2025120083-QT2026020053") -> QT2025120083-QT2026020053 | D11: =IFERROR(__xludf.DUMMYFUNCTION("""COMPUTED_VALUE"""),"บริษัทร้อกเวิธ") -> บริษัทร้อกเวิธ | E11: =IFERROR(__xludf.DUMMYFUNCTION("""COMPUTED_VALUE"""),"Space Matrix Design / PJ. Galderma Thailand") -> Space Matrix Design / PJ. Galderma Thailand | H11: =IFERROR(__xludf.DUMMYFUNCTION("""COMPUTED_VALUE"""),1.0) -> 1 | M11: =IFERROR(__xludf.DUMMYFUNCTION("""COMPUTED_VALUE"""),"ต้องจบงาน!") -> ต้องจบงาน! | N11: =IFERROR(__xludf.DUMMYFUNCTION("""COMPUTED_VALUE"""),46078.0) -> 46078 | P11: =IFERROR(__xludf.DUMMYFUNCTION("""COMPUTED_VALUE"""),46078.0) -> 46078 | T11: =IFERROR(__xludf.DUMMYFUNCTION("""COMPUTED_VALUE"""),0.0) -> 0 | U11: =IFERROR(__xludf.DUMMYFUNCTION("""COMPUTED_VALUE"""),6.0) -> 6 | AL11: =IFERROR(__xludf.DUMMYFUNCTION("""COMPUTED_VALUE"""),1.0) -> 1 | AN11: =IFERROR(__xludf.DUMMYFUNCTION("""COMPUTED_VALUE"""),1.0) -> 1 | AO11: =IFERROR(__xludf.DUMMYFUNCTION("""COMPUTED_VALUE"""),1.0) -> 1 | AS11: =IFERROR(__xludf.DUMMYFUNCTION("""COMPUTED_VALUE"""),1.0) -> 1 | AV11: =IFERROR(__xludf.DUMMYFUNCTION("""COMPUTED_VALUE"""),1.0) -> 1 | AX11: =IFERROR(__xludf.DUMMYFUNCTION("""COMPUTED_VALUE"""),1.0) -> 1 | BT11: =IF(ISBLANK(B11),,IF(IFNA(MATCH(N11,List_Holidays,0),0)=0,IF(IFNA(MATCH(WEEKDAY(N11),List_WeekHolidays,0),0),1,0),2)) -> 0 | BU11: =N11+O11 -> 46078 | BV11: =P11+Q11 -> 46078 | BW11: =IF($BU11>cLunchEnd+$N11,cLunchBegin+$N11+1,cLunchBegin+$N11) -> 46078.5 | BX11: =IF($BU11>cLunchEnd+$N11,cLunchEnd+$N11+1,cLunchEnd+$N11) -> 46078.542 | BY11: =IF($BU11>cDinnerEnd+$N11,cDinnerBegin+$N11+1,cDinnerBegin+$N11) -> 46078.75 | BZ11: =IF($BU11>cDinnerEnd+$N11,cDinnerEnd+$N11+1,cDinnerEnd+$N11) -> 46078.792 | CA11: =IF((MIN($BV11,BX11)-MAX($BU11,BW11))>0,vDurationLunch,) | CB11: =IF((MIN($BV11,BZ11)-MAX($BU11,BY11))>0,vDurationDinner,) | CC11: =(BV11-BU11)*24-CA11-CB11 -> 0 | CD11: =INT(N11)+TIMEVALUE("18:00") -> 46078.75 | CE11: =IF(CD11>BV11,,(MIN(BV11,CD11)-BU11)*24) | CF11: =IF(BV11-MAX(BU11,CD11)<0,,(BV11-MAX(BU11,CD11))*24) | CG11: =IF($BT11=0,$CF11,) | CH11: =IF($BT11=1,$CE11,) | CI11: =IF($BT11=1,$CF11,)
A12: =IF(ISBLANK(B12),,ROW(A12)-ROW($A$6)) -> 6 | B12: =IFERROR(__xludf.DUMMYFUNCTION("""COMPUTED_VALUE"""),6.0) -> 6 | D12: =IFERROR(__xludf.DUMMYFUNCTION("""COMPUTED_VALUE"""),"บริษัทโอคามูระ") -> บริษัทโอคามูระ | E12: =IFERROR(__xludf.DUMMYFUNCTION("""COMPUTED_VALUE"""),"GSK One ดุสิต ชั้น 25") -> GSK One ดุสิต ชั้น 25 | K12: =IFERROR(__xludf.DUMMYFUNCTION("""COMPUTED_VALUE"""),1.0) -> 1 | M12: =IFERROR(__xludf.DUMMYFUNCTION("""COMPUTED_VALUE"""),"มาร์กไลน์") -> มาร์กไลน์ | N12: =IFERROR(__xludf.DUMMYFUNCTION("""COMPUTED_VALUE"""),46078.0) -> 46078 | P12: =IFERROR(__xludf.DUMMYFUNCTION("""COMPUTED_VALUE"""),46078.0) -> 46078 | T12: =IFERROR(__xludf.DUMMYFUNCTION("""COMPUTED_VALUE"""),0.0) -> 0 | U12: =IFERROR(__xludf.DUMMYFUNCTION("""COMPUTED_VALUE"""),1.0) -> 1 | AR12: =IFERROR(__xludf.DUMMYFUNCTION("""COMPUTED_VALUE"""),1.0) -> 1 | BT12: =IF(ISBLANK(B12),,IF(IFNA(MATCH(N12,List_Holidays,0),0)=0,IF(IFNA(MATCH(WEEKDAY(N12),List_WeekHolidays,0),0),1,0),2)) -> 0 | BU12: =N12+O12 -> 46078 | BV12: =P12+Q12 -> 46078 | BW12: =IF($BU12>cLunchEnd+$N12,cLunchBegin+$N12+1,cLunchBegin+$N12) -> 46078.5 | BX12: =IF($BU12>cLunchEnd+$N12,cLunchEnd+$N12+1,cLunchEnd+$N12) -> 46078.542 | BY12: =IF($BU12>cDinnerEnd+$N12,cDinnerBegin+$N12+1,cDinnerBegin+$N12) -> 46078.75 | BZ12: =IF($BU12>cDinnerEnd+$N12,cDinnerEnd+$N12+1,cDinnerEnd+$N12) -> 46078.792 | CA12: =IF((MIN($BV12,BX12)-MAX($BU12,BW12))>0,vDurationLunch,) | CB12: =IF((MIN($BV12,BZ12)-MAX($BU12,BY12))>0,vDurationDinner,) | CC12: =(BV12-BU12)*24-CA12-CB12 -> 0 | CD12: =INT(N12)+TIMEVALUE("18:00") -> 46078.75 | CE12: =IF(CD12>BV12,,(MIN(BV12,CD12)-BU12)*24) | CF12: =IF(BV12-MAX(BU12,CD12)<0,,(BV12-MAX(BU12,CD12))*24) | CG12: =IF($BT12=0,$CF12,) | CH12: =IF($BT12=1,$CE12,) | CI12: =IF($BT12=1,$CF12,)
A13: =IF(ISBLANK(B13),,ROW(A13)-ROW($A$6)) -> 7 | B13: =IFERROR(__xludf.DUMMYFUNCTION("""COMPUTED_VALUE"""),7.0) -> 7 | C13: =IFERROR(__xludf.DUMMYFUNCTION("""COMPUTED_VALUE"""),"QT2026010080") -> QT2026010080 | D13: =IFERROR(__xludf.DUMMYFUNCTION("""COMPUTED_VALUE"""),"บริษัทร้อกเวิธ") -> บริษัทร้อกเวิธ | E13: =IFERROR(__xludf.DUMMYFUNCTION("""COMPUTED_VALUE"""),"บริษัท เงินทุนแอร์ดวาน ") -> บริษัท เงินทุนแอร์ดวาน | L13: =IFERROR(__xludf.DUMMYFUNCTION("""COMPUTED_VALUE"""),1.0) -> 1 | M13: =IFERROR(__xludf.DUMMYFUNCTION("""COMPUTED_VALUE"""),"ส่งเก้าอี้ที่ร้านเบาะกิติธร") -> ส่งเก้าอี้ที่ร้านเบาะกิติธร | N13: =IFERROR(__xludf.DUMMYFUNCTION("""COMPUTED_VALUE"""),46078.0) -> 46078 | O13: =IFERROR(__xludf.DUMMYFUNCTION("""COMPUTED_VALUE"""),0.75) -> 0.75 | P13: =IFERROR(__xludf.DUMMYFUNCTION("""COMPUTED_VALUE"""),46078.0) -> 46078 | Q13: =IFERROR(__xludf.DUMMYFUNCTION("""COMPUTED_VALUE"""),0.041666666666666664) -> 0.041666667 | R13: =IFERROR(__xludf.DUMMYFUNCTION("""COMPUTED_VALUE"""),-17.000000000058208) -> -17 | T13: =IFERROR(__xludf.DUMMYFUNCTION("""COMPUTED_VALUE"""),-17.000000000058208) -> -17 | U13: =IFERROR(__xludf.DUMMYFUNCTION("""COMPUTED_VALUE"""),1.0) -> 1 | AR13: =IFERROR(__xludf.DUMMYFUNCTION("""COMPUTED_VALUE"""),1.0) -> 1 | BT13: =IF(ISBLANK(B13),,IF(IFNA(MATCH(N13,List_Holidays,0),0)=0,IF(IFNA(MATCH(WEEKDAY(N13),List_WeekHolidays,0),0),1,0),2)) -> 0 | BU13: =N13+O13 -> 46078.75 | BV13: =P13+Q13 -> 46078.042 | BW13: =IF($BU13>cLunchEnd+$N13,cLunchBegin+$N13+1,cLunchBegin+$N13) -> 46079.5 | BX13: =IF($BU13>cLunchEnd+$N13,cLunchEnd+$N13+1,cLunchEnd+$N13) -> 46079.542 | BY13: =IF($BU13>cDinnerEnd+$N13,cDinnerBegin+$N13+1,cDinnerBegin+$N13) -> 46078.75 | BZ13: =IF($BU13>cDinnerEnd+$N13,cDinnerEnd+$N13+1,cDinnerEnd+$N13) -> 46078.792 | CA13: =IF((MIN($BV13,BX13)-MAX($BU13,BW13))>0,vDurationLunch,) | CB13: =IF((MIN($BV13,BZ13)-MAX($BU13,BY13))>0,vDurationDinner,) | CC13: =(BV13-BU13)*24-CA13-CB13 -> -17 | CD13: =INT(N13)+TIMEVALUE("18:00") -> 46078.75 | CE13: =IF(CD13>BV13,,(MIN(BV13,CD13)-BU13)*24) | CF13: =IF(BV13-MAX(BU13,CD13)<0,,(BV13-MAX(BU13,CD13))*24) | CG13: =IF($BT13=0,$CF13,) | CH13: =IF($BT13=1,$CE13,) | CI13: =IF($BT13=1,$CF13,)
A14: =IF(ISBLANK(B14),,ROW(A14)-ROW($A$6)) -> 8 | B14: =IFERROR(__xludf.DUMMYFUNCTION("""COMPUTED_VALUE"""),8.0) -> 8 | D14: =IFERROR(__xludf.DUMMYFUNCTION("""COMPUTED_VALUE"""),"บริษัทร้อกเวิธ") -> บริษัทร้อกเวิธ | E14: =IFERROR(__xludf.DUMMYFUNCTION("""COMPUTED_VALUE"""),"TOYOTA AUTO") -> TOYOTA AUTO | K14: =IFERROR(__xludf.DUMMYFUNCTION("""COMPUTED_VALUE"""),1.0) -> 1 | M14: =IFERROR(__xludf.DUMMYFUNCTION("""COMPUTED_VALUE"""),"มาร์กไลน์") -> มาร์กไลน์ | N14: =IFERROR(__xludf.DUMMYFUNCTION("""COMPUTED_VALUE"""),46079.0) -> 46079 | O14: =IFERROR(__xludf.DUMMYFUNCTION("""COMPUTED_VALUE"""),0.375) -> 0.375 | P14: =IFERROR(__xludf.DUMMYFUNCTION("""COMPUTED_VALUE"""),46079.0) -> 46079 | Q14: =IFERROR(__xludf.DUMMYFUNCTION("""COMPUTED_VALUE"""),0.7083333333333334) -> 0.70833333 | R14: =IFERROR(__xludf.DUMMYFUNCTION("""COMPUTED_VALUE"""),8.000000000058208) -> 8 | T14: =IFERROR(__xludf.DUMMYFUNCTION("""COMPUTED_VALUE"""),0.0) -> 0 | U14: =IFERROR(__xludf.DUMMYFUNCTION("""COMPUTED_VALUE"""),0.0) -> 0 | BT14: =IF(ISBLANK(B14),,IF(IFNA(MATCH(N14,List_Holidays,0),0)=0,IF(IFNA(MATCH(WEEKDAY(N14),List_WeekHolidays,0),0),1,0),2)) -> 0 | BU14: =N14+O14 -> 46079.375 | BV14: =P14+Q14 -> 46079.708 | BW14: =IF($BU14>cLunchEnd+$N14,cLunchBegin+$N14+1,cLunchBegin+$N14) -> 46079.5 | BX14: =IF($BU14>cLunchEnd+$N14,cLunchEnd+$N14+1,cLunchEnd+$N14) -> 46079.542 | BY14: =IF($BU14>cDinnerEnd+$N14,cDinnerBegin+$N14+1,cDinnerBegin+$N14) -> 46079.75 | BZ14: =IF($BU14>cDinnerEnd+$N14,cDinnerEnd+$N14+1,cDinnerEnd+$N14) -> 46079.792 | CA14: =IF((MIN($BV14,BX14)-MAX($BU14,BW14))>0,vDurationLunch,) -> 1 | CB14: =IF((MIN($BV14,BZ14)-MAX($BU14,BY14))>0,vDurationDinner,) | CC14: =(BV14-BU14)*24-CA14-CB14 -> 7 | CD14: =INT(N14)+TIMEVALUE("18:00") -> 46079.75 | CE14: =IF(CD14>BV14,,(MIN(BV14,CD14)-BU14)*24) | CF14: =IF(BV14-MAX(BU14,CD14)<0,,(BV14-MAX(BU14,CD14))*24) | CG14: =IF($BT14=0,$CF14,) | CH14: =IF($BT14=1,$CE14,) | CI14: =IF($BT14=1,$CF14,)
A15: =IF(ISBLANK(B15),,ROW(A15)-ROW($A$6)) -> 9 | B15: =IFERROR(__xludf.DUMMYFUNCTION("""COMPUTED_VALUE"""),9.0) -> 9 | C15: =IFERROR(__xludf.DUMMYFUNCTION("""COMPUTED_VALUE"""),"QT2026020004") -> QT2026020004 | D15: =IFERROR(__xludf.DUMMYFUNCTION("""COMPUTED_VALUE"""),"บริษัทโอคามูระ") -> บริษัทโอคามูระ | E15: =IFERROR(__xludf.DUMMYFUNCTION("""COMPUTED_VALUE"""),"เดลีเทค อาคารThr Parq พระราม4") -> เดลีเทค อาคารThr Parq พระราม4 | F15: =IFERROR(__xludf.DUMMYFUNCTION("""COMPUTED_VALUE"""),1.0) -> 1 | M15: =IFERROR(__xludf.DUMMYFUNCTION("""COMPUTED_VALUE"""),"จัมโบ้+กะบะ (รับของปู่เจ้า14.00 ส่งหน้างานได้หลัง18.00น. )") -> จัมโบ้+กะบะ (รับของปู่เจ้า14.00 ส่งหน้างานได้หลัง18.00น. ) | N15: =IFERROR(__xludf.DUMMYFUNCTION("""COMPUTED_VALUE"""),46078.0) -> 46078 | P15: =IFERROR(__xludf.DUMMYFUNCTION("""COMPUTED_VALUE"""),46078.0) -> 46078 | T15: =IFERROR(__xludf.DUMMYFUNCTION("""COMPUTED_VALUE"""),0.0) -> 0 | U15: =IFERROR(__xludf.DUMMYFUNCTION("""COMPUTED_VALUE"""),7.0) -> 7 | AL15: =IFERROR(__xludf.DUMMYFUNCTION("""COMPUTED_VALUE"""),1.0) -> 1 | AN15: =IFERROR(__xludf.DUMMYFUNCTION("""COMPUTED_VALUE"""),1.0) -> 1 | AO15: =IFERROR(__xludf.DUMMYFUNCTION("""COMPUTED_VALUE"""),1.0) -> 1 | AR15: =IFERROR(__xludf.DUMMYFUNCTION("""COMPUTED_VALUE"""),1.0) -> 1 | AS15: =IFERROR(__xludf.DUMMYFUNCTION("""COMPUTED_VALUE"""),1.0) -> 1 | AV15: =IFERROR(__xludf.DUMMYFUNCTION("""COMPUTED_VALUE"""),1.0) -> 1 | AX15: =IFERROR(__xludf.DUMMYFUNCTION("""COMPUTED_VALUE"""),1.0) -> 1 | BT15: =IF(ISBLANK(B15),,IF(IFNA(MATCH(N15,List_Holidays,0),0)=0,IF(IFNA(MATCH(WEEKDAY(N15),List_WeekHolidays,0),0),1,0),2)) -> 0 | BU15: =N15+O15 -> 46078 | BV15: =P15+Q15 -> 46078 | BW15: =IF($BU15>cLunchEnd+$N15,cLunchBegin+$N15+1,cLunchBegin+$N15) -> 46078.5 | BX15: =IF($BU15>cLunchEnd+$N15,cLunchEnd+$N15+1,cLunchEnd+$N15) -> 46078.542 | BY15: =IF($BU15>cDinnerEnd+$N15,cDinnerBegin+$N15+1,cDinnerBegin+$N15) -> 46078.75 | BZ15: =IF($BU15>cDinnerEnd+$N15,cDinnerEnd+$N15+1,cDinnerEnd+$N15) -> 46078.792 | CA15: =IF((MIN($BV15,BX15)-MAX($BU15,BW15))>0,vDurationLunch,) | CB15: =IF((MIN($BV15,BZ15)-MAX($BU15,BY15))>0,vDurationDinner,) | CC15: =(BV15-BU15)*24-CA15-CB15 -> 0 | CD15: =INT(N15)+TIMEVALUE("18:00") -> 46078.75 | CE15: =IF(CD15>BV15,,(MIN(BV15,CD15)-BU15)*24) | CF15: =IF(BV15-MAX(BU15,CD15)<0,,(BV15-MAX(BU15,CD15))*24) | CG15: =IF($BT15=0,$CF15,) | CH15: =IF($BT15=1,$CE15,) | CI15: =IF($BT15=1,$CF15,)
A16: =IF(ISBLANK(B16),,ROW(A16)-ROW($A$6)) -> 10 | B16: =IFERROR(__xludf.DUMMYFUNCTION("""COMPUTED_VALUE"""),10.0) -> 10 | C16: =IFERROR(__xludf.DUMMYFUNCTION("""COMPUTED_VALUE"""),"QT2025070009") -> QT2025070009 | D16: =IFERROR(__xludf.DUMMYFUNCTION("""COMPUTED_VALUE"""),"บริษัทร้อกเวิธ") -> บริษัทร้อกเวิธ | E16: =IFERROR(__xludf.DUMMYFUNCTION("""COMPUTED_VALUE"""),"การบินไทย Phas1 อาคาร 5 ชั้น 18") -> การบินไทย Phas1 อาคาร 5 ชั้น 18 | L16: =IFERROR(__xludf.DUMMYFUNCTION("""COMPUTED_VALUE"""),1.0) -> 1 | M16: =IFERROR(__xludf.DUMMYFUNCTION("""COMPUTED_VALUE"""),"ส่งงานกับทางการบิน ") -> ส่งงานกับทางการบิน | N16: =IFERROR(__xludf.DUMMYFUNCTION("""COMPUTED_VALUE"""),46078.0) -> 46078 | O16: =IFERROR(__xludf.DUMMYFUNCTION("""COMPUTED_VALUE"""),0.75) -> 0.75 | P16: =IFERROR(__xludf.DUMMYFUNCTION("""COMPUTED_VALUE"""),46078.0) -> 46078 | Q16: =IFERROR(__xludf.DUMMYFUNCTION("""COMPUTED_VALUE"""),0.875) -> 0.875 | R16: =IFERROR(__xludf.DUMMYFUNCTION("""COMPUTED_VALUE"""),3.0) -> 3 | T16: =IFERROR(__xludf.DUMMYFUNCTION("""COMPUTED_VALUE"""),9.0) -> 9 | U16: =IFERROR(__xludf.DUMMYFUNCTION("""COMPUTED_VALUE"""),3.0) -> 3 | AG16: =IFERROR(__xludf.DUMMYFUNCTION("""COMPUTED_VALUE"""),1.0) -> 1 | AY16: =IFERROR(__xludf.DUMMYFUNCTION("""COMPUTED_VALUE"""),1.0) -> 1 | BA16: =IFERROR(__xludf.DUMMYFUNCTION("""COMPUTED_VALUE"""),1.0) -> 1 | BT16: =IF(ISBLANK(B16),,IF(IFNA(MATCH(N16,List_Holidays,0),0)=0,IF(IFNA(MATCH(WEEKDAY(N16),List_WeekHolidays,0),0),1,0),2)) -> 0 | BU16: =N16+O16 -> 46078.75 | BV16: =P16+Q16 -> 46078.875 | BW16: =IF($BU16>cLunchEnd+$N16,cLunchBegin+$N16+1,cLunchBegin+$N16) -> 46079.5 | BX16: =IF($BU16>cLunchEnd+$N16,cLunchEnd+$N16+1,cLunchEnd+$N16) -> 46079.542 | BY16: =IF($BU16>cDinnerEnd+$N16,cDinnerBegin+$N16+1,cDinnerBegin+$N16) -> 46078.75 | BZ16: =IF($BU16>cDinnerEnd+$N16,cDinnerEnd+$N16+1,cDinnerEnd+$N16) -> 46078.792 | CA16: =IF((MIN($BV16,BX16)-MAX($BU16,BW16))>0,vDurationLunch,) | CB16: =IF((MIN($BV16,BZ16)-MAX($BU16,BY16))>0,vDurationDinner,) -> 1 | CC16: =(BV16-BU16)*24-CA16-CB16 -> 2 | CD16: =INT(N16)+TIMEVALUE("18:00") -> 46078.75 | CE16: =IF(CD16>BV16,,(MIN(BV16,CD16)-BU16)*24) -> 0 | CF16: =IF(BV16-MAX(BU16,CD16)<0,,(BV16-MAX(BU16,CD16))*24) -> 3 | CG16: =IF($BT16=0,$CF16,) -> 3 | CH16: =IF($BT16=1,$CE16,) | CI16: =IF($BT16=1,$CF16,)
A17: =IF(ISBLANK(B17),,ROW(A17)-ROW($A$6)) -> 11 | B17: =IFERROR(__xludf.DUMMYFUNCTION("""COMPUTED_VALUE"""),11.0) -> 11 | D17: =IFERROR(__xludf.DUMMYFUNCTION("""COMPUTED_VALUE"""),"บริษัทร้อกเวิธ") -> บริษัทร้อกเวิธ | E17: =IFERROR(__xludf.DUMMYFUNCTION("""COMPUTED_VALUE"""),"RW วางบิล") -> RW วางบิล | L17: =IFERROR(__xludf.DUMMYFUNCTION("""COMPUTED_VALUE"""),1.0) -> 1 | M17: =IFERROR(__xludf.DUMMYFUNCTION("""COMPUTED_VALUE"""),"วางบิลก่อนเที่ยง") -> วางบิลก่อนเที่ยง | N17: =IFERROR(__xludf.DUMMYFUNCTION("""COMPUTED_VALUE"""),46078.0) -> 46078 | P17: =IFERROR(__xludf.DUMMYFUNCTION("""COMPUTED_VALUE"""),46078.0) -> 46078 | T17: =IFERROR(__xludf.DUMMYFUNCTION("""COMPUTED_VALUE"""),0.0) -> 0 | U17: =IFERROR(__xludf.DUMMYFUNCTION("""COMPUTED_VALUE"""),1.0) -> 1 | AY17: =IFERROR(__xludf.DUMMYFUNCTION("""COMPUTED_VALUE"""),1.0) -> 1 | BT17: =IF(ISBLANK(B17),,IF(IFNA(MATCH(N17,List_Holidays,0),0)=0,IF(IFNA(MATCH(WEEKDAY(N17),List_WeekHolidays,0),0),1,0),2)) -> 0 | BU17: =N17+O17 -> 46078 | BV17: =P17+Q17 -> 46078 | BW17: =IF($BU17>cLunchEnd+$N17,cLunchBegin+$N17+1,cLunchBegin+$N17) -> 46078.5 | BX17: =IF($BU17>cLunchEnd+$N17,cLunchEnd+$N17+1,cLunchEnd+$N17) -> 46078.542 | BY17: =IF($BU17>cDinnerEnd+$N17,cDinnerBegin+$N17+1,cDinnerBegin+$N17) -> 46078.75 | BZ17: =IF($BU17>cDinnerEnd+$N17,cDinnerEnd+$N17+1,cDinnerEnd+$N17) -> 46078.792 | CA17: =IF((MIN($BV17,BX17)-MAX($BU17,BW17))>0,vDurationLunch,) | CB17: =IF((MIN($BV17,BZ17)-MAX($BU17,BY17))>0,vDurationDinner,) | CC17: =(BV17-BU17)*24-CA17-CB17 -> 0 | CD17: =INT(N17)+TIMEVALUE("18:00") -> 46078.75 | CE17: =IF(CD17>BV17,,(MIN(BV17,CD17)-BU17)*24) | CF17: =IF(BV17-MAX(BU17,CD17)<0,,(BV17-MAX(BU17,CD17))*24) | CG17: =IF($BT17=0,$CF17,) | CH17: =IF($BT17=1,$CE17,) | CI17: =IF($BT17=1,$CF17,)
A18: =IF(ISBLANK(B18),,ROW(A18)-ROW($A$6)) -> 12 | B18: =IFERROR(__xludf.DUMMYFUNCTION("""COMPUTED_VALUE"""),12.0) -> 12 | D18: =IFERROR(__xludf.DUMMYFUNCTION("""COMPUTED_VALUE"""),"บริษัทโอคามูระ") -> บริษัทโอคามูระ | E18: =IFERROR(__xludf.DUMMYFUNCTION("""COMPUTED_VALUE"""),"โอคามูระ") -> โอคามูระ | L18: =IFERROR(__xludf.DUMMYFUNCTION("""COMPUTED_VALUE"""),1.0) -> 1 | M18: =IFERROR(__xludf.DUMMYFUNCTION("""COMPUTED_VALUE"""),"รับเช็คโอคามูระ 14.00-16.00 น. ") -> รับเช็คโอคามูระ 14.00-16.00 น. | N18: =IFERROR(__xludf.DUMMYFUNCTION("""COMPUTED_VALUE"""),46078.0) -> 46078 | O18: =IFERROR(__xludf.DUMMYFUNCTION("""COMPUTED_VALUE"""),0.375) -> 0.375 | P18: =IFERROR(__xludf.DUMMYFUNCTION("""COMPUTED_VALUE"""),46078.0) -> 46078 | Q18: =IFERROR(__xludf.DUMMYFUNCTION("""COMPUTED_VALUE"""),0.5) -> 0.5 | R18: =IFERROR(__xludf.DUMMYFUNCTION("""COMPUTED_VALUE"""),3.0) -> 3 | T18: =IFERROR(__xludf.DUMMYFUNCTION("""COMPUTED_VALUE"""),3.0) -> 3 | U18: =IFERROR(__xludf.DUMMYFUNCTION("""COMPUTED_VALUE"""),1.0) -> 1 | AY18: =IFERROR(__xludf.DUMMYFUNCTION("""COMPUTED_VALUE"""),1.0) -> 1 | BT18: =IF(ISBLANK(B18),,IF(IFNA(MATCH(N18,List_Holidays,0),0)=0,IF(IFNA(MATCH(WEEKDAY(N18),List_WeekHolidays,0),0),1,0),2)) -> 0 | BU18: =N18+O18 -> 46078.375 | BV18: =P18+Q18 -> 46078.5 | BW18: =IF($BU18>cLunchEnd+$N18,cLunchBegin+$N18+1,cLunchBegin+$N18) -> 46078.5 | BX18: =IF($BU18>cLunchEnd+$N18,cLunchEnd+$N18+1,cLunchEnd+$N18) -> 46078.542 | BY18: =IF($BU18>cDinnerEnd+$N18,cDinnerBegin+$N18+1,cDinnerBegin+$N18) -> 46078.75 | BZ18: =IF($BU18>cDinnerEnd+$N18,cDinnerEnd+$N18+1,cDinnerEnd+$N18) -> 46078.792 | CA18: =IF((MIN($BV18,BX18)-MAX($BU18,BW18))>0,vDurationLunch,) | CB18: =IF((MIN($BV18,BZ18)-MAX($BU18,BY18))>0,vDurationDinner,) | CC18: =(BV18-BU18)*24-CA18-CB18 -> 3 | CD18: =INT(N18)+TIMEVALUE("18:00") -> 46078.75 | CE18: =IF(CD18>BV18,,(MIN(BV18,CD18)-BU18)*24) | CF18: =IF(BV18-MAX(BU18,CD18)<0,,(BV18-MAX(BU18,CD18))*24) | CG18: =IF($BT18=0,$CF18,) | CH18: =IF($BT18=1,$CE18,) | CI18: =IF($BT18=1,$CF18,)
A19: =IF(ISBLANK(B19),,ROW(A19)-ROW($A$6)) -> 13 | B19: =IFERROR(__xludf.DUMMYFUNCTION("""COMPUTED_VALUE"""),13.0) -> 13 | C19: =IFERROR(__xludf.DUMMYFUNCTION("""COMPUTED_VALUE"""),"QT2025080042") -> QT2025080042 | D19: =IFERROR(__xludf.DUMMYFUNCTION("""COMPUTED_VALUE"""),"บริษัทร้อกเวิธ") -> บริษัทร้อกเวิธ | E19: =IFERROR(__xludf.DUMMYFUNCTION("""COMPUTED_VALUE""")," TOYOTA บางบ่อHO2") -> TOYOTA บางบ่อHO2 | H19: =IFERROR(__xludf.DUMMYFUNCTION("""COMPUTED_VALUE"""),1.0) -> 1 | M19: =IFERROR(__xludf.DUMMYFUNCTION("""COMPUTED_VALUE""")," ติดตั้งชุดโต๊ะทำงาน ") -> ติดตั้งชุดโต๊ะทำงาน | N19: =IFERROR(__xludf.DUMMYFUNCTION("""COMPUTED_VALUE"""),46079.0) -> 46079 | O19: =IFERROR(__xludf.DUMMYFUNCTION("""COMPUTED_VALUE"""),0.2916666666666667) -> 0.29166667 | P19: =IFERROR(__xludf.DUMMYFUNCTION("""COMPUTED_VALUE"""),46079.0) -> 46079 | Q19: =IFERROR(__xludf.DUMMYFUNCTION("""COMPUTED_VALUE"""),0.8333333333333334) -> 0.83333333 | R19: =IFERROR(__xludf.DUMMYFUNCTION("""COMPUTED_VALUE"""),13.000000000058206) -> 13 | T19: =IFERROR(__xludf.DUMMYFUNCTION("""COMPUTED_VALUE"""),91.00000000040744) -> 91 | U19: =IFERROR(__xludf.DUMMYFUNCTION("""COMPUTED_VALUE"""),7.0) -> 7 | V19: =IFERROR(__xludf.DUMMYFUNCTION("""COMPUTED_VALUE"""),1.0) -> 1 | W19: =IFERROR(__xludf.DUMMYFUNCTION("""COMPUTED_VALUE"""),1.0) -> 1 | Y19: =IFERROR(__xludf.DUMMYFUNCTION("""COMPUTED_VALUE"""),1.0) -> 1 | AA19: =IFERROR(__xludf.DUMMYFUNCTION("""COMPUTED_VALUE"""),1.0) -> 1 | AK19: =IFERROR(__xludf.DUMMYFUNCTION("""COMPUTED_VALUE"""),1.0) -> 1 | AT19: =IFERROR(__xludf.DUMMYFUNCTION("""COMPUTED_VALUE"""),1.0) -> 1 | AW19: =IFERROR(__xludf.DUMMYFUNCTION("""COMPUTED_VALUE"""),1.0) -> 1 | BT19: =IF(ISBLANK(B19),,IF(IFNA(MATCH(N19,List_Holidays,0),0)=0,IF(IFNA(MATCH(WEEKDAY(N19),List_WeekHolidays,0),0),1,0),2)) -> 0 | BU19: =N19+O19 -> 46079.292 | BV19: =P19+Q19 -> 46079.833 | BW19: =IF($BU19>cLunchEnd+$N19,cLunchBegin+$N19+1,cLunchBegin+$N19) -> 46079.5 | BX19: =IF($BU19>cLunchEnd+$N19,cLunchEnd+$N19+1,cLunchEnd+$N19) -> 46079.542 | BY19: =IF($BU19>cDinnerEnd+$N19,cDinnerBegin+$N19+1,cDinnerBegin+$N19) -> 46079.75 | BZ19: =IF($BU19>cDinnerEnd+$N19,cDinnerEnd+$N19+1,cDinnerEnd+$N19) -> 46079.792 | CA19: =IF((MIN($BV19,BX19)-MAX($BU19,BW19))>0,vDurationLunch,) -> 1 | CB19: =IF((MIN($BV19,BZ19)-MAX($BU19,BY19))>0,vDurationDinner,) -> 1 | CC19: =(BV19-BU19)*24-CA19-CB19 -> 11 | CD19: =INT(N19)+TIMEVALUE("18:00") -> 46079.75 | CE19: =IF(CD19>BV19,,(MIN(BV19,CD19)-BU19)*24) -> 11 | CF19: =IF(BV19-MAX(BU19,CD19)<0,,(BV19-MAX(BU19,CD19))*24) -> 2 | CG19: =IF($BT19=0,$CF19,) -> 2 | CH19: =IF($BT19=1,$CE19,) | CI19: =IF($BT19=1,$CF19,)
A20: =IF(ISBLANK(B20),,ROW(A20)-ROW($A$6)) -> 14 | B20: =IFERROR(__xludf.DUMMYFUNCTION("""COMPUTED_VALUE"""),14.0) -> 14 | C20: =IFERROR(__xludf.DUMMYFUNCTION("""COMPUTED_VALUE"""),"QT2025080042") -> QT2025080042 | D20: =IFERROR(__xludf.DUMMYFUNCTION("""COMPUTED_VALUE"""),"บริษัทร้อกเวิธ") -> บริษัทร้อกเวิธ | E20: =IFERROR(__xludf.DUMMYFUNCTION("""COMPUTED_VALUE""")," TOYOTA บางบ่อHO1") -> TOYOTA บางบ่อHO1 | F20: =IFERROR(__xludf.DUMMYFUNCTION("""COMPUTED_VALUE"""),1.0) -> 1 | M20: =IFERROR(__xludf.DUMMYFUNCTION("""COMPUTED_VALUE"""),"โหลดตู้ Locker ") -> โหลดตู้ Locker | N20: =IFERROR(__xludf.DUMMYFUNCTION("""COMPUTED_VALUE"""),46079.0) -> 46079 | O20: =IFERROR(__xludf.DUMMYFUNCTION("""COMPUTED_VALUE"""),0.375) -> 0.375 | P20: =IFERROR(__xludf.DUMMYFUNCTION("""COMPUTED_VALUE"""),46079.0) -> 46079 | Q20: =IFERROR(__xludf.DUMMYFUNCTION("""COMPUTED_VALUE"""),0.5) -> 0.5 | R20: =IFERROR(__xludf.DUMMYFUNCTION("""COMPUTED_VALUE"""),3.0) -> 3 | T20: =IFERROR(__xludf.DUMMYFUNCTION("""COMPUTED_VALUE"""),6.0) -> 6 | U20: =IFERROR(__xludf.DUMMYFUNCTION("""COMPUTED_VALUE"""),2.0) -> 2 | AF20: =IFERROR(__xludf.DUMMYFUNCTION("""COMPUTED_VALUE"""),1.0) -> 1 | BC20: =IFERROR(__xludf.DUMMYFUNCTION("""COMPUTED_VALUE"""),1.0) -> 1 | BT20: =IF(ISBLANK(B20),,IF(IFNA(MATCH(N20,List_Holidays,0),0)=0,IF(IFNA(MATCH(WEEKDAY(N20),List_WeekHolidays,0),0),1,0),2)) -> 0 | BU20: =N20+O20 -> 46079.375 | BV20: =P20+Q20 -> 46079.5 | BW20: =IF($BU20>cLunchEnd+$N20,cLunchBegin+$N20+1,cLunchBegin+$N20) -> 46079.5 | BX20: =IF($BU20>cLunchEnd+$N20,cLunchEnd+$N20+1,cLunchEnd+$N20) -> 46079.542 | BY20: =IF($BU20>cDinnerEnd+$N20,cDinnerBegin+$N20+1,cDinnerBegin+$N20) -> 46079.75 | BZ20: =IF($BU20>cDinnerEnd+$N20,cDinnerEnd+$N20+1,cDinnerEnd+$N20) -> 46079.792 | CA20: =IF((MIN($BV20,BX20)-MAX($BU20,BW20))>0,vDurationLunch,) | CB20: =IF((MIN($BV20,BZ20)-MAX($BU20,BY20))>0,vDurationDinner,) | CC20: =(BV20-BU20)*24-CA20-CB20 -> 3 | CD20: =INT(N20)+TIMEVALUE("18:00") -> 46079.75 | CE20: =IF(CD20>BV20,,(MIN(BV20,CD20)-BU20)*24) | CF20: =IF(BV20-MAX(BU20,CD20)<0,,(BV20-MAX(BU20,CD20))*24) | CG20: =IF($BT20=0,$CF20,) | CH20: =IF($BT20=1,$CE20,) | CI20: =IF($BT20=1,$CF20,)
A21: =IF(ISBLANK(B21),,ROW(A21)-ROW($A$6)) -> 15 | B21: =IFERROR(__xludf.DUMMYFUNCTION("""COMPUTED_VALUE"""),15.0) -> 15 | C21: =IFERROR(__xludf.DUMMYFUNCTION("""COMPUTED_VALUE"""),"QT2025080042") -> QT2025080042 | D21: =IFERROR(__xludf.DUMMYFUNCTION("""COMPUTED_VALUE"""),"บริษัทร้อกเวิธ") -> บริษัทร้อกเวิธ | E21: =IFERROR(__xludf.DUMMYFUNCTION("""COMPUTED_VALUE"""),"TOYOTA บ้านโพธิ์ ") -> TOYOTA บ้านโพธิ์ | H21: =IFERROR(__xludf.DUMMYFUNCTION("""COMPUTED_VALUE"""),1.0) -> 1 | M21: =IFERROR(__xludf.DUMMYFUNCTION("""COMPUTED_VALUE"""),"ติดตั้ง") -> ติดตั้ง | N21: =IFERROR(__xludf.DUMMYFUNCTION("""COMPUTED_VALUE"""),46079.0) -> 46079 | P21: =IFERROR(__xludf.DUMMYFUNCTION("""COMPUTED_VALUE"""),46079.0) -> 46079 | T21: =IFERROR(__xludf.DUMMYFUNCTION("""COMPUTED_VALUE"""),0.0) -> 0 | U21: =IFERROR(__xludf.DUMMYFUNCTION("""COMPUTED_VALUE"""),7.0) -> 7 | Z21: =IFERROR(__xludf.DUMMYFUNCTION("""COMPUTED_VALUE"""),1.0) -> 1 | AE21: =IFERROR(__xludf.DUMMYFUNCTION("""COMPUTED_VALUE"""),1.0) -> 1 | AH21: =IFERROR(__xludf.DUMMYFUNCTION("""COMPUTED_VALUE"""),1.0) -> 1 | AR21: =IFERROR(__xludf.DUMMYFUNCTION("""COMPUTED_VALUE"""),1.0) -> 1 | AS21: =IFERROR(__xludf.DUMMYFUNCTION("""COMPUTED_VALUE"""),1.0) -> 1 | AX21: =IFERROR(__xludf.DUMMYFUNCTION("""COMPUTED_VALUE"""),1.0) -> 1 | AZ21: =IFERROR(__xludf.DUMMYFUNCTION("""COMPUTED_VALUE"""),1.0) -> 1 | BT21: =IF(ISBLANK(B21),,IF(IFNA(MATCH(N21,List_Holidays,0),0)=0,IF(IFNA(MATCH(WEEKDAY(N21),List_WeekHolidays,0),0),1,0),2)) -> 0 | BU21: =N21+O21 -> 46079 | BV21: =P21+Q21 -> 46079 | BW21: =IF($BU21>cLunchEnd+$N21,cLunchBegin+$N21+1,cLunchBegin+$N21) -> 46079.5 | BX21: =IF($BU21>cLunchEnd+$N21,cLunchEnd+$N21+1,cLunchEnd+$N21) -> 46079.542 | BY21: =IF($BU21>cDinnerEnd+$N21,cDinnerBegin+$N21+1,cDinnerBegin+$N21) -> 46079.75 | BZ21: =IF($BU21>cDinnerEnd+$N21,cDinnerEnd+$N21+1,cDinnerEnd+$N21) -> 46079.792 | CA21: =IF((MIN($BV21,BX21)-MAX($BU21,BW21))>0,vDurationLunch,) | CB21: =IF((MIN($BV21,BZ21)-MAX($BU21,BY21))>0,vDurationDinner,) | CC21: =(BV21-BU21)*24-CA21-CB21 -> 0 | CD21: =INT(N21)+TIMEVALUE("18:00") -> 46079.75 | CE21: =IF(CD21>BV21,,(MIN(BV21,CD21)-BU21)*24) | CF21: =IF(BV21-MAX(BU21,CD21)<0,,(BV21-MAX(BU21,CD21))*24) | CG21: =IF($BT21=0,$CF21,) | CH21: =IF($BT21=1,$CE21,) | CI21: =IF($BT21=1,$CF21,)
A22: =IF(ISBLANK(B22),,ROW(A22)-ROW($A$6)) -> 16 | B22: =IFERROR(__xludf.DUMMYFUNCTION("""COMPUTED_VALUE"""),16.0) -> 16 | C22: =IFERROR(__xludf.DUMMYFUNCTION("""COMPUTED_VALUE"""),"QT2025070009") -> QT2025070009 | D22: =IFERROR(__xludf.DUMMYFUNCTION("""COMPUTED_VALUE"""),"บริษัทร้อกเวิธ") -> บริษัทร้อกเวิธ | E22: =IFERROR(__xludf.DUMMYFUNCTION("""COMPUTED_VALUE""")," การบินไทย Phas1 อาคาร 5 ชั้น 7 ") -> การบินไทย Phas1 อาคาร 5 ชั้น 7 | G22: =IFERROR(__xludf.DUMMYFUNCTION("""COMPUTED_VALUE"""),1.0) -> 1 | M22: =IFERROR(__xludf.DUMMYFUNCTION("""COMPUTED_VALUE"""),"ขนย้ายเฟอร์นิเจอร์-จัดสำนักงาน") -> ขนย้ายเฟอร์นิเจอร์-จัดสำนักงาน | N22: =IFERROR(__xludf.DUMMYFUNCTION("""COMPUTED_VALUE"""),46081.0) -> 46081 | P22: =IFERROR(__xludf.DUMMYFUNCTION("""COMPUTED_VALUE"""),46081.0) -> 46081 | T22: =IFERROR(__xludf.DUMMYFUNCTION("""COMPUTED_VALUE"""),0.0) -> 0 | U22: =IFERROR(__xludf.DUMMYFUNCTION("""COMPUTED_VALUE"""),1.0) -> 1 | AG22: =IFERROR(__xludf.DUMMYFUNCTION("""COMPUTED_VALUE"""),1.0) -> 1 | BT22: =IF(ISBLANK(B22),,IF(IFNA(MATCH(N22,List_Holidays,0),0)=0,IF(IFNA(MATCH(WEEKDAY(N22),List_WeekHolidays,0),0),1,0),2)) -> 0 | BU22: =N22+O22 -> 46081 | BV22: =P22+Q22 -> 46081 | BW22: =IF($BU22>cLunchEnd+$N22,cLunchBegin+$N22+1,cLunchBegin+$N22) -> 46081.5 | BX22: =IF($BU22>cLunchEnd+$N22,cLunchEnd+$N22+1,cLunchEnd+$N22) -> 46081.542 | BY22: =IF($BU22>cDinnerEnd+$N22,cDinnerBegin+$N22+1,cDinnerBegin+$N22) -> 46081.75 | BZ22: =IF($BU22>cDinnerEnd+$N22,cDinnerEnd+$N22+1,cDinnerEnd+$N22) -> 46081.792 | CA22: =IF((MIN($BV22,BX22)-MAX($BU22,BW22))>0,vDurationLunch,) | CB22: =IF((MIN($BV22,BZ22)-MAX($BU22,BY22))>0,vDurationDinner,) | CC22: =(BV22-BU22)*24-CA22-CB22 -> 0 | CD22: =INT(N22)+TIMEVALUE("18:00") -> 46081.75 | CE22: =IF(CD22>BV22,,(MIN(BV22,CD22)-BU22)*24) | CF22: =IF(BV22-MAX(BU22,CD22)<0,,(BV22-MAX(BU22,CD22))*24) | CG22: =IF($BT22=0,$CF22,) | CH22: =IF($BT22=1,$CE22,) | CI22: =IF($BT22=1,$CF22,)
A23: =IF(ISBLANK(B23),,ROW(A23)-ROW($A$6)) -> 17 | B23: =IFERROR(__xludf.DUMMYFUNCTION("""COMPUTED_VALUE"""),17.0) -> 17 | C23: =IFERROR(__xludf.DUMMYFUNCTION("""COMPUTED_VALUE"""),"QT2026020038") -> QT2026020038 | D23: =IFERROR(__xludf.DUMMYFUNCTION("""COMPUTED_VALUE"""),"บริษัทร้อกเวิธ") -> บริษัทร้อกเวิธ | E23: =IFERROR(__xludf.DUMMYFUNCTION("""COMPUTED_VALUE"""),"บริษัท สตูดิโอ ") -> บริษัท สตูดิโอ | G23: =IFERROR(__xludf.DUMMYFUNCTION("""COMPUTED_VALUE"""),1.0) -> 1 | M23: =IFERROR(__xludf.DUMMYFUNCTION("""COMPUTED_VALUE"""),"รื้อแพ็ค") -> รื้อแพ็ค | N23: =IFERROR(__xludf.DUMMYFUNCTION("""COMPUTED_VALUE"""),46079.0) -> 46079 | P23: =IFERROR(__xludf.DUMMYFUNCTION("""COMPUTED_VALUE"""),46079.0) -> 46079 | T23: =IFERROR(__xludf.DUMMYFUNCTION("""COMPUTED_VALUE"""),0.0) -> 0 | U23: =IFERROR(__xludf.DUMMYFUNCTION("""COMPUTED_VALUE"""),4.0) -> 4 | AL23: =IFERROR(__xludf.DUMMYFUNCTION("""COMPUTED_VALUE"""),1.0) -> 1 | AN23: =IFERROR(__xludf.DUMMYFUNCTION("""COMPUTED_VALUE"""),1.0) -> 1 | AO23: =IFERROR(__xludf.DUMMYFUNCTION("""COMPUTED_VALUE"""),1.0) -> 1 | AV23: =IFERROR(__xludf.DUMMYFUNCTION("""COMPUTED_VALUE"""),1.0) -> 1 | BT23: =IF(ISBLANK(B23),,IF(IFNA(MATCH(N23,List_Holidays,0),0)=0,IF(IFNA(MATCH(WEEKDAY(N23),List_WeekHolidays,0),0),1,0),2)) -> 0 | BU23: =N23+O23 -> 46079 | BV23: =P23+Q23 -> 46079 | BW23: =IF($BU23>cLunchEnd+$N23,cLunchBegin+$N23+1,cLunchBegin+$N23) -> 46079.5 | BX23: =IF($BU23>cLunchEnd+$N23,cLunchEnd+$N23+1,cLunchEnd+$N23) -> 46079.542 | BY23: =IF($BU23>cDinnerEnd+$N23,cDinnerBegin+$N23+1,cDinnerBegin+$N23) -> 46079.75 | BZ23: =IF($BU23>cDinnerEnd+$N23,cDinnerEnd+$N23+1,cDinnerEnd+$N23) -> 46079.792 | CA23: =IF((MIN($BV23,BX23)-MAX($BU23,BW23))>0,vDurationLunch,) | CB23: =IF((MIN($BV23,BZ23)-MAX($BU23,BY23))>0,vDurationDinner,) | CC23: =(BV23-BU23)*24-CA23-CB23 -> 0 | CD23: =INT(N23)+TIMEVALUE("18:00") -> 46079.75 | CE23: =IF(CD23>BV23,,(MIN(BV23,CD23)-BU23)*24) | CF23: =IF(BV23-MAX(BU23,CD23)<0,,(BV23-MAX(BU23,CD23))*24) | CG23: =IF($BT23=0,$CF23,) | CH23: =IF($BT23=1,$CE23,) | CI23: =IF($BT23=1,$CF23,)
A24: =IF(ISBLANK(B24),,ROW(A24)-ROW($A$6)) -> 18 | B24: =IFERROR(__xludf.DUMMYFUNCTION("""COMPUTED_VALUE"""),18.0) -> 18 | C24: =IFERROR(__xludf.DUMMYFUNCTION("""COMPUTED_VALUE"""),"QT2026020004") -> QT2026020004 | D24: =IFERROR(__xludf.DUMMYFUNCTION("""COMPUTED_VALUE"""),"บริษัทโอคามูระ") -> บริษัทโอคามูระ | E24: =IFERROR(__xludf.DUMMYFUNCTION("""COMPUTED_VALUE"""),"เลดีเทค โหลด Thr Parq พระราม4 ") -> เลดีเทค โหลด Thr Parq พระราม4 | H24: =IFERROR(__xludf.DUMMYFUNCTION("""COMPUTED_VALUE"""),1.0) -> 1 | M24: =IFERROR(__xludf.DUMMYFUNCTION("""COMPUTED_VALUE"""),"ติดตั้ง") -> ติดตั้ง | N24: =IFERROR(__xludf.DUMMYFUNCTION("""COMPUTED_VALUE"""),46079.0) -> 46079 | P24: =IFERROR(__xludf.DUMMYFUNCTION("""COMPUTED_VALUE"""),46079.0) -> 46079 | T24: =IFERROR(__xludf.DUMMYFUNCTION("""COMPUTED_VALUE"""),0.0) -> 0 | U24: =IFERROR(__xludf.DUMMYFUNCTION("""COMPUTED_VALUE"""),7.0) -> 7 | AL24: =IFERROR(__xludf.DUMMYFUNCTION("""COMPUTED_VALUE"""),1.0) -> 1 | AN24: =IFERROR(__xludf.DUMMYFUNCTION("""COMPUTED_VALUE"""),1.0) -> 1 | AO24: =IFERROR(__xludf.DUMMYFUNCTION("""COMPUTED_VALUE"""),1.0) -> 1 | AR24: =IFERROR(__xludf.DUMMYFUNCTION("""COMPUTED_VALUE"""),1.0) -> 1 | AS24: =IFERROR(__xludf.DUMMYFUNCTION("""COMPUTED_VALUE"""),1.0) -> 1 | AV24: =IFERROR(__xludf.DUMMYFUNCTION("""COMPUTED_VALUE"""),1.0) -> 1 | AX24: =IFERROR(__xludf.DUMMYFUNCTION("""COMPUTED_VALUE"""),1.0) -> 1 | BT24: =IF(ISBLANK(B24),,IF(IFNA(MATCH(N24,List_Holidays,0),0)=0,IF(IFNA(MATCH(WEEKDAY(N24),List_WeekHolidays,0),0),1,0),2)) -> 0 | BU24: =N24+O24 -> 46079 | BV24: =P24+Q24 -> 46079 | BW24: =IF($BU24>cLunchEnd+$N24,cLunchBegin+$N24+1,cLunchBegin+$N24) -> 46079.5 | BX24: =IF($BU24>cLunchEnd+$N24,cLunchEnd+$N24+1,cLunchEnd+$N24) -> 46079.542 | BY24: =IF($BU24>cDinnerEnd+$N24,cDinnerBegin+$N24+1,cDinnerBegin+$N24) -> 46079.75 | BZ24: =IF($BU24>cDinnerEnd+$N24,cDinnerEnd+$N24+1,cDinnerEnd+$N24) -> 46079.792 | CA24: =IF((MIN($BV24,BX24)-MAX($BU24,BW24))>0,vDurationLunch,) | CB24: =IF((MIN($BV24,BZ24)-MAX($BU24,BY24))>0,vDurationDinner,) | CC24: =(BV24-BU24)*24-CA24-CB24 -> 0 | CD24: =INT(N24)+TIMEVALUE("18:00") -> 46079.75 | CE24: =IF(CD24>BV24,,(MIN(BV24,CD24)-BU24)*24) | CF24: =IF(BV24-MAX(BU24,CD24)<0,,(BV24-MAX(BU24,CD24))*24) | CG24: =IF($BT24=0,$CF24,) | CH24: =IF($BT24=1,$CE24,) | CI24: =IF($BT24=1,$CF24,)
A25: =IF(ISBLANK(B25),,ROW(A25)-ROW($A$6)) -> 19 | B25: =IFERROR(__xludf.DUMMYFUNCTION("""COMPUTED_VALUE"""),19.0) -> 19 | C25: =IFERROR(__xludf.DUMMYFUNCTION("""COMPUTED_VALUE"""),"QT2025080042") -> QT2025080042 | D25: =IFERROR(__xludf.DUMMYFUNCTION("""COMPUTED_VALUE"""),"บริษัทร้อกเวิธ") -> บริษัทร้อกเวิธ | E25: =IFERROR(__xludf.DUMMYFUNCTION("""COMPUTED_VALUE"""),"TOYOTA บางบ่อHO3/HO2") -> TOYOTA บางบ่อHO3/HO2 | H25: =IFERROR(__xludf.DUMMYFUNCTION("""COMPUTED_VALUE"""),1.0) -> 1 | M25: =IFERROR(__xludf.DUMMYFUNCTION("""COMPUTED_VALUE"""),"ติดตั้ง") -> ติดตั้ง | N25: =IFERROR(__xludf.DUMMYFUNCTION("""COMPUTED_VALUE"""),46080.0) -> 46080 | O25: =IFERROR(__xludf.DUMMYFUNCTION("""COMPUTED_VALUE"""),0.375) -> 0.375 | P25: =IFERROR(__xludf.DUMMYFUNCTION("""COMPUTED_VALUE"""),46080.0) -> 46080 | Q25: =IFERROR(__xludf.DUMMYFUNCTION("""COMPUTED_VALUE"""),0.875) -> 0.875 | R25: =IFERROR(__xludf.DUMMYFUNCTION("""COMPUTED_VALUE"""),12.0) -> 12 | T25: =IFERROR(__xludf.DUMMYFUNCTION("""COMPUTED_VALUE"""),84.0) -> 84 | U25: =IFERROR(__xludf.DUMMYFUNCTION("""COMPUTED_VALUE"""),7.0) -> 7 | V25: =IFERROR(__xludf.DUMMYFUNCTION("""COMPUTED_VALUE"""),1.0) -> 1 | W25: =IFERROR(__xludf.DUMMYFUNCTION("""COMPUTED_VALUE"""),1.0) -> 1 | Y25: =IFERROR(__xludf.DUMMYFUNCTION("""COMPUTED_VALUE"""),1.0) -> 1 | AA25: =IFERROR(__xludf.DUMMYFUNCTION("""COMPUTED_VALUE"""),1.0) -> 1 | AK25: =IFERROR(__xludf.DUMMYFUNCTION("""COMPUTED_VALUE"""),1.0) -> 1 | AT25: =IFERROR(__xludf.DUMMYFUNCTION("""COMPUTED_VALUE"""),1.0) -> 1 | AW25: =IFERROR(__xludf.DUMMYFUNCTION("""COMPUTED_VALUE"""),1.0) -> 1 | BT25: =IF(ISBLANK(B25),,IF(IFNA(MATCH(N25,List_Holidays,0),0)=0,IF(IFNA(MATCH(WEEKDAY(N25),List_WeekHolidays,0),0),1,0),2)) -> 0 | BU25: =N25+O25 -> 46080.375 | BV25: =P25+Q25 -> 46080.875 | BW25: =IF($BU25>cLunchEnd+$N25,cLunchBegin+$N25+1,cLunchBegin+$N25) -> 46080.5 | BX25: =IF($BU25>cLunchEnd+$N25,cLunchEnd+$N25+1,cLunchEnd+$N25) -> 46080.542 | BY25: =IF($BU25>cDinnerEnd+$N25,cDinnerBegin+$N25+1,cDinnerBegin+$N25) -> 46080.75 | BZ25: =IF($BU25>cDinnerEnd+$N25,cDinnerEnd+$N25+1,cDinnerEnd+$N25) -> 46080.792 | CA25: =IF((MIN($BV25,BX25)-MAX($BU25,BW25))>0,vDurationLunch,) -> 1 | CB25: =IF((MIN($BV25,BZ25)-MAX($BU25,BY25))>0,vDurationDinner,) -> 1 | CC25: =(BV25-BU25)*24-CA25-CB25 -> 10 | CD25: =INT(N25)+TIMEVALUE("18:00") -> 46080.75 | CE25: =IF(CD25>BV25,,(MIN(BV25,CD25)-BU25)*24) -> 9 | CF25: =IF(BV25-MAX(BU25,CD25)<0,,(BV25-MAX(BU25,CD25))*24) -> 3 | CG25: =IF($BT25=0,$CF25,) -> 3 | CH25: =IF($BT25=1,$CE25,) | CI25: =IF($BT25=1,$CF25,)
A26: =IF(ISBLANK(B26),,ROW(A26)-ROW($A$6)) -> 20 | B26: =IFERROR(__xludf.DUMMYFUNCTION("""COMPUTED_VALUE"""),20.0) -> 20 | C26: =IFERROR(__xludf.DUMMYFUNCTION("""COMPUTED_VALUE"""),"QT2025080042") -> QT2025080042 | D26: =IFERROR(__xludf.DUMMYFUNCTION("""COMPUTED_VALUE"""),"บริษัทร้อกเวิธ") -> บริษัทร้อกเวิธ | E26: =IFERROR(__xludf.DUMMYFUNCTION("""COMPUTED_VALUE"""),"TOYOTA บ้านโพธิ์ ") -> TOYOTA บ้านโพธิ์ | H26: =IFERROR(__xludf.DUMMYFUNCTION("""COMPUTED_VALUE"""),1.0) -> 1 | M26: =IFERROR(__xludf.DUMMYFUNCTION("""COMPUTED_VALUE"""),"ติดตั้ง") -> ติดตั้ง | N26: =IFERROR(__xludf.DUMMYFUNCTION("""COMPUTED_VALUE"""),46080.0) -> 46080 | P26: =IFERROR(__xludf.DUMMYFUNCTION("""COMPUTED_VALUE"""),46080.0) -> 46080 | T26: =IFERROR(__xludf.DUMMYFUNCTION("""COMPUTED_VALUE"""),0.0) -> 0 | U26: =IFERROR(__xludf.DUMMYFUNCTION("""COMPUTED_VALUE"""),6.0) -> 6 | Z26: =IFERROR(__xludf.DUMMYFUNCTION("""COMPUTED_VALUE"""),1.0) -> 1 | AH26: =IFERROR(__xludf.DUMMYFUNCTION("""COMPUTED_VALUE"""),1.0) -> 1 | AR26: =IFERROR(__xludf.DUMMYFUNCTION("""COMPUTED_VALUE"""),1.0) -> 1 | AS26: =IFERROR(__xludf.DUMMYFUNCTION("""COMPUTED_VALUE"""),1.0) -> 1 | AX26: =IFERROR(__xludf.DUMMYFUNCTION("""COMPUTED_VALUE"""),1.0) -> 1 | AZ26: =IFERROR(__xludf.DUMMYFUNCTION("""COMPUTED_VALUE"""),1.0) -> 1 | BT26: =IF(ISBLANK(B26),,IF(IFNA(MATCH(N26,List_Holidays,0),0)=0,IF(IFNA(MATCH(WEEKDAY(N26),List_WeekHolidays,0),0),1,0),2)) -> 0 | BU26: =N26+O26 -> 46080 | BV26: =P26+Q26 -> 46080 | BW26: =IF($BU26>cLunchEnd+$N26,cLunchBegin+$N26+1,cLunchBegin+$N26) -> 46080.5 | BX26: =IF($BU26>cLunchEnd+$N26,cLunchEnd+$N26+1,cLunchEnd+$N26) -> 46080.542 | BY26: =IF($BU26>cDinnerEnd+$N26,cDinnerBegin+$N26+1,cDinnerBegin+$N26) -> 46080.75 | BZ26: =IF($BU26>cDinnerEnd+$N26,cDinnerEnd+$N26+1,cDinnerEnd+$N26) -> 46080.792 | CA26: =IF((MIN($BV26,BX26)-MAX($BU26,BW26))>0,vDurationLunch,) | CB26: =IF((MIN($BV26,BZ26)-MAX($BU26,BY26))>0,vDurationDinner,) | CC26: =(BV26-BU26)*24-CA26-CB26 -> 0 | CD26: =INT(N26)+TIMEVALUE("18:00") -> 46080.75 | CE26: =IF(CD26>BV26,,(MIN(BV26,CD26)-BU26)*24) | CF26: =IF(BV26-MAX(BU26,CD26)<0,,(BV26-MAX(BU26,CD26))*24) | CG26: =IF($BT26=0,$CF26,) | CH26: =IF($BT26=1,$CE26,) | CI26: =IF($BT26=1,$CF26,)
A27: =IF(ISBLANK(B27),,ROW(A27)-ROW($A$6)) -> 21 | B27: =IFERROR(__xludf.DUMMYFUNCTION("""COMPUTED_VALUE"""),21.0) -> 21 | C27: =IFERROR(__xludf.DUMMYFUNCTION("""COMPUTED_VALUE"""),"QT2026020038") -> QT2026020038 | D27: =IFERROR(__xludf.DUMMYFUNCTION("""COMPUTED_VALUE"""),"บริษัทร้อกเวิธ") -> บริษัทร้อกเวิธ | E27: =IFERROR(__xludf.DUMMYFUNCTION("""COMPUTED_VALUE"""),"บริษัท สตูดิโอ") -> บริษัท สตูดิโอ | G27: =IFERROR(__xludf.DUMMYFUNCTION("""COMPUTED_VALUE"""),1.0) -> 1 | M27: =IFERROR(__xludf.DUMMYFUNCTION("""COMPUTED_VALUE"""),"รื้อแแพ็ค") -> รื้อแแพ็ค | N27: =IFERROR(__xludf.DUMMYFUNCTION("""COMPUTED_VALUE"""),46080.0) -> 46080 | P27: =IFERROR(__xludf.DUMMYFUNCTION("""COMPUTED_VALUE"""),46080.0) -> 46080 | T27: =IFERROR(__xludf.DUMMYFUNCTION("""COMPUTED_VALUE"""),0.0) -> 0 | U27: =IFERROR(__xludf.DUMMYFUNCTION("""COMPUTED_VALUE"""),0.0) -> 0 | BT27: =IF(ISBLANK(B27),,IF(IFNA(MATCH(N27,List_Holidays,0),0)=0,IF(IFNA(MATCH(WEEKDAY(N27),List_WeekHolidays,0),0),1,0),2)) -> 0 | BU27: =N27+O27 -> 46080 | BV27: =P27+Q27 -> 46080 | BW27: =IF($BU27>cLunchEnd+$N27,cLunchBegin+$N27+1,cLunchBegin+$N27) -> 46080.5 | BX27: =IF($BU27>cLunchEnd+$N27,cLunchEnd+$N27+1,cLunchEnd+$N27) -> 46080.542 | BY27: =IF($BU27>cDinnerEnd+$N27,cDinnerBegin+$N27+1,cDinnerBegin+$N27) -> 46080.75 | BZ27: =IF($BU27>cDinnerEnd+$N27,cDinnerEnd+$N27+1,cDinnerEnd+$N27) -> 46080.792 | CA27: =IF((MIN($BV27,BX27)-MAX($BU27,BW27))>0,vDurationLunch,) | CB27: =IF((MIN($BV27,BZ27)-MAX($BU27,BY27))>0,vDurationDinner,) | CC27: =(BV27-BU27)*24-CA27-CB27 -> 0 | CD27: =INT(N27)+TIMEVALUE("18:00") -> 46080.75 | CE27: =IF(CD27>BV27,,(MIN(BV27,CD27)-BU27)*24) | CF27: =IF(BV27-MAX(BU27,CD27)<0,,(BV27-MAX(BU27,CD27))*24) | CG27: =IF($BT27=0,$CF27,) | CH27: =IF($BT27=1,$CE27,) | CI27: =IF($BT27=1,$CF27,)
A28: =IF(ISBLANK(B28),,ROW(A28)-ROW($A$6)) -> 22 | B28: =IFERROR(__xludf.DUMMYFUNCTION("""COMPUTED_VALUE"""),22.0) -> 22 | C28: =IFERROR(__xludf.DUMMYFUNCTION("""COMPUTED_VALUE"""),"QT2025070009") -> QT2025070009 | D28: =IFERROR(__xludf.DUMMYFUNCTION("""COMPUTED_VALUE"""),"บริษัทร้อกเวิธ") -> บริษัทร้อกเวิธ | E28: =IFERROR(__xludf.DUMMYFUNCTION("""COMPUTED_VALUE"""),"การบินไทย Phas1 อาคาร 5 ชั้น 7 ") -> การบินไทย Phas1 อาคาร 5 ชั้น 7 | G28: =IFERROR(__xludf.DUMMYFUNCTION("""COMPUTED_VALUE"""),1.0) -> 1 | M28: =IFERROR(__xludf.DUMMYFUNCTION("""COMPUTED_VALUE"""),"ขนย้าย") -> ขนย้าย | N28: =IFERROR(__xludf.DUMMYFUNCTION("""COMPUTED_VALUE"""),46080.0) -> 46080 | P28: =IFERROR(__xludf.DUMMYFUNCTION("""COMPUTED_VALUE"""),46080.0) -> 46080 | T28: =IFERROR(__xludf.DUMMYFUNCTION("""COMPUTED_VALUE"""),0.0) -> 0 | U28: =IFERROR(__xludf.DUMMYFUNCTION("""COMPUTED_VALUE"""),1.0) -> 1 | AG28: =IFERROR(__xludf.DUMMYFUNCTION("""COMPUTED_VALUE"""),1.0) -> 1 | BT28: =IF(ISBLANK(B28),,IF(IFNA(MATCH(N28,List_Holidays,0),0)=0,IF(IFNA(MATCH(WEEKDAY(N28),List_WeekHolidays,0),0),1,0),2)) -> 0 | BU28: =N28+O28 -> 46080 | BV28: =P28+Q28 -> 46080 | BW28: =IF($BU28>cLunchEnd+$N28,cLunchBegin+$N28+1,cLunchBegin+$N28) -> 46080.5 | BX28: =IF($BU28>cLunchEnd+$N28,cLunchEnd+$N28+1,cLunchEnd+$N28) -> 46080.542 | BY28: =IF($BU28>cDinnerEnd+$N28,cDinnerBegin+$N28+1,cDinnerBegin+$N28) -> 46080.75 | BZ28: =IF($BU28>cDinnerEnd+$N28,cDinnerEnd+$N28+1,cDinnerEnd+$N28) -> 46080.792 | CA28: =IF((MIN($BV28,BX28)-MAX($BU28,BW28))>0,vDurationLunch,) | CB28: =IF((MIN($BV28,BZ28)-MAX($BU28,BY28))>0,vDurationDinner,) | CC28: =(BV28-BU28)*24-CA28-CB28 -> 0 | CD28: =INT(N28)+TIMEVALUE("18:00") -> 46080.75 | CE28: =IF(CD28>BV28,,(MIN(BV28,CD28)-BU28)*24) | CF28: =IF(BV28-MAX(BU28,CD28)<0,,(BV28-MAX(BU28,CD28))*24) | CG28: =IF($BT28=0,$CF28,) | CH28: =IF($BT28=1,$CE28,) | CI28: =IF($BT28=1,$CF28,)
A29: =IF(ISBLANK(B29),,ROW(A29)-ROW($A$6)) -> 23 | B29: =IFERROR(__xludf.DUMMYFUNCTION("""COMPUTED_VALUE"""),23.0) -> 23 | C29: =IFERROR(__xludf.DUMMYFUNCTION("""COMPUTED_VALUE"""),"QT2026020006") -> QT2026020006 | D29: =IFERROR(__xludf.DUMMYFUNCTION("""COMPUTED_VALUE"""),"บริษัทโอคามูระ") -> บริษัทโอคามูระ | E29: =IFERROR(__xludf.DUMMYFUNCTION("""COMPUTED_VALUE"""),"โปรเจค HA ") -> โปรเจค HA | F29: =IFERROR(__xludf.DUMMYFUNCTION("""COMPUTED_VALUE"""),1.0) -> 1 | H29: =IFERROR(__xludf.DUMMYFUNCTION("""COMPUTED_VALUE"""),1.0) -> 1 | M29: =IFERROR(__xludf.DUMMYFUNCTION("""COMPUTED_VALUE"""),"ขนส่ง-โหลด-ติดตั้ง") -> ขนส่ง-โหลด-ติดตั้ง | N29: =IFERROR(__xludf.DUMMYFUNCTION("""COMPUTED_VALUE"""),46080.0) -> 46080 | P29: =IFERROR(__xludf.DUMMYFUNCTION("""COMPUTED_VALUE"""),46080.0) -> 46080 | T29: =IFERROR(__xludf.DUMMYFUNCTION("""COMPUTED_VALUE"""),0.0) -> 0 | U29: =IFERROR(__xludf.DUMMYFUNCTION("""COMPUTED_VALUE"""),0.0) -> 0 | BT29: =IF(ISBLANK(B29),,IF(IFNA(MATCH(N29,List_Holidays,0),0)=0,IF(IFNA(MATCH(WEEKDAY(N29),List_WeekHolidays,0),0),1,0),2)) -> 0 | BU29: =N29+O29 -> 46080 | BV29: =P29+Q29 -> 46080 | BW29: =IF($BU29>cLunchEnd+$N29,cLunchBegin+$N29+1,cLunchBegin+$N29) -> 46080.5 | BX29: =IF($BU29>cLunchEnd+$N29,cLunchEnd+$N29+1,cLunchEnd+$N29) -> 46080.542 | BY29: =IF($BU29>cDinnerEnd+$N29,cDinnerBegin+$N29+1,cDinnerBegin+$N29) -> 46080.75 | BZ29: =IF($BU29>cDinnerEnd+$N29,cDinnerEnd+$N29+1,cDinnerEnd+$N29) -> 46080.792 | CA29: =IF((MIN($BV29,BX29)-MAX($BU29,BW29))>0,vDurationLunch,) | CB29: =IF((MIN($BV29,BZ29)-MAX($BU29,BY29))>0,vDurationDinner,) | CC29: =(BV29-BU29)*24-CA29-CB29 -> 0 | CD29: =INT(N29)+TIMEVALUE("18:00") -> 46080.75 | CE29: =IF(CD29>BV29,,(MIN(BV29,CD29)-BU29)*24) | CF29: =IF(BV29-MAX(BU29,CD29)<0,,(BV29-MAX(BU29,CD29))*24) | CG29: =IF($BT29=0,$CF29,) | CH29: =IF($BT29=1,$CE29,) | CI29: =IF($BT29=1,$CF29,)
A30: =IF(ISBLANK(B30),,ROW(A30)-ROW($A$6)) -> 24 | B30: =IFERROR(__xludf.DUMMYFUNCTION("""COMPUTED_VALUE"""),24.0) -> 24 | C30: =IFERROR(__xludf.DUMMYFUNCTION("""COMPUTED_VALUE"""),"QT2025080042") -> QT2025080042 | D30: =IFERROR(__xludf.DUMMYFUNCTION("""COMPUTED_VALUE"""),"บริษัทร้อกเวิธ") -> บริษัทร้อกเวิธ | E30: =IFERROR(__xludf.DUMMYFUNCTION("""COMPUTED_VALUE"""),"TOYOTA บางบ่อHO3/HO2") -> TOYOTA บางบ่อHO3/HO2 | H30: =IFERROR(__xludf.DUMMYFUNCTION("""COMPUTED_VALUE"""),1.0) -> 1 | M30: =IFERROR(__xludf.DUMMYFUNCTION("""COMPUTED_VALUE"""),"ติดตั้ง") -> ติดตั้ง | N30: =IFERROR(__xludf.DUMMYFUNCTION("""COMPUTED_VALUE"""),46081.0) -> 46081 | O30: =IFERROR(__xludf.DUMMYFUNCTION("""COMPUTED_VALUE"""),0.75) -> 0.75 | P30: =IFERROR(__xludf.DUMMYFUNCTION("""COMPUTED_VALUE"""),46081.0) -> 46081 | Q30: =IFERROR(__xludf.DUMMYFUNCTION("""COMPUTED_VALUE"""),0.9583333333333334) -> 0.95833333 | R30: =IFERROR(__xludf.DUMMYFUNCTION("""COMPUTED_VALUE"""),5.000000000058208) -> 5 | T30: =IFERROR(__xludf.DUMMYFUNCTION("""COMPUTED_VALUE"""),35.000000000407454) -> 35 | U30: =IFERROR(__xludf.DUMMYFUNCTION("""COMPUTED_VALUE"""),7.0) -> 7 | V30: =IFERROR(__xludf.DUMMYFUNCTION("""COMPUTED_VALUE"""),1.0) -> 1 | W30: =IFERROR(__xludf.DUMMYFUNCTION("""COMPUTED_VALUE"""),1.0) -> 1 | Y30: =IFERROR(__xludf.DUMMYFUNCTION("""COMPUTED_VALUE"""),1.0) -> 1 | AA30: =IFERROR(__xludf.DUMMYFUNCTION("""COMPUTED_VALUE"""),1.0) -> 1 | AK30: =IFERROR(__xludf.DUMMYFUNCTION("""COMPUTED_VALUE"""),1.0) -> 1 | AT30: =IFERROR(__xludf.DUMMYFUNCTION("""COMPUTED_VALUE"""),1.0) -> 1 | AW30: =IFERROR(__xludf.DUMMYFUNCTION("""COMPUTED_VALUE"""),1.0) -> 1 | BT30: =IF(ISBLANK(B30),,IF(IFNA(MATCH(N30,List_Holidays,0),0)=0,IF(IFNA(MATCH(WEEKDAY(N30),List_WeekHolidays,0),0),1,0),2)) -> 0 | BU30: =N30+O30 -> 46081.75 | BV30: =P30+Q30 -> 46081.958 | BW30: =IF($BU30>cLunchEnd+$N30,cLunchBegin+$N30+1,cLunchBegin+$N30) -> 46082.5 | BX30: =IF($BU30>cLunchEnd+$N30,cLunchEnd+$N30+1,cLunchEnd+$N30) -> 46082.542 | BY30: =IF($BU30>cDinnerEnd+$N30,cDinnerBegin+$N30+1,cDinnerBegin+$N30) -> 46081.75 | BZ30: =IF($BU30>cDinnerEnd+$N30,cDinnerEnd+$N30+1,cDinnerEnd+$N30) -> 46081.792 | CA30: =IF((MIN($BV30,BX30)-MAX($BU30,BW30))>0,vDurationLunch,) | CB30: =IF((MIN($BV30,BZ30)-MAX($BU30,BY30))>0,vDurationDinner,) -> 1 | CC30: =(BV30-BU30)*24-CA30-CB30 -> 4 | CD30: =INT(N30)+TIMEVALUE("18:00") -> 46081.75 | CE30: =IF(CD30>BV30,,(MIN(BV30,CD30)-BU30)*24) -> 0 | CF30: =IF(BV30-MAX(BU30,CD30)<0,,(BV30-MAX(BU30,CD30))*24) -> 5 | CG30: =IF($BT30=0,$CF30,) -> 5 | CH30: =IF($BT30=1,$CE30,) | CI30: =IF($BT30=1,$CF30,)
A31: =IF(ISBLANK(B31),,ROW(A31)-ROW($A$6)) -> 25 | B31: =IFERROR(__xludf.DUMMYFUNCTION("""COMPUTED_VALUE"""),25.0) -> 25 | C31: =IFERROR(__xludf.DUMMYFUNCTION("""COMPUTED_VALUE"""),"QT2025080042") -> QT2025080042 | D31: =IFERROR(__xludf.DUMMYFUNCTION("""COMPUTED_VALUE"""),"บริษัทร้อกเวิธ") -> บริษัทร้อกเวิธ | E31: =IFERROR(__xludf.DUMMYFUNCTION("""COMPUTED_VALUE"""),"TOYOTA บ้านโพธิ์ ") -> TOYOTA บ้านโพธิ์ | H31: =IFERROR(__xludf.DUMMYFUNCTION("""COMPUTED_VALUE"""),1.0) -> 1 | M31: =IFERROR(__xludf.DUMMYFUNCTION("""COMPUTED_VALUE"""),"ติดตั้ง") -> ติดตั้ง | N31: =IFERROR(__xludf.DUMMYFUNCTION("""COMPUTED_VALUE"""),46081.0) -> 46081 | P31: =IFERROR(__xludf.DUMMYFUNCTION("""COMPUTED_VALUE"""),46081.0) -> 46081 | T31: =IFERROR(__xludf.DUMMYFUNCTION("""COMPUTED_VALUE"""),0.0) -> 0 | U31: =IFERROR(__xludf.DUMMYFUNCTION("""COMPUTED_VALUE"""),7.0) -> 7 | AE31: =IFERROR(__xludf.DUMMYFUNCTION("""COMPUTED_VALUE"""),1.0) -> 1 | AF31: =IFERROR(__xludf.DUMMYFUNCTION("""COMPUTED_VALUE"""),1.0) -> 1 | AH31: =IFERROR(__xludf.DUMMYFUNCTION("""COMPUTED_VALUE"""),1.0) -> 1 | AR31: =IFERROR(__xludf.DUMMYFUNCTION("""COMPUTED_VALUE"""),1.0) -> 1 | AS31: =IFERROR(__xludf.DUMMYFUNCTION("""COMPUTED_VALUE"""),1.0) -> 1 | AX31: =IFERROR(__xludf.DUMMYFUNCTION("""COMPUTED_VALUE"""),1.0) -> 1 | AZ31: =IFERROR(__xludf.DUMMYFUNCTION("""COMPUTED_VALUE"""),1.0) -> 1 | BT31: =IF(ISBLANK(B31),,IF(IFNA(MATCH(N31,List_Holidays,0),0)=0,IF(IFNA(MATCH(WEEKDAY(N31),List_WeekHolidays,0),0),1,0),2)) -> 0 | BU31: =N31+O31 -> 46081 | BV31: =P31+Q31 -> 46081 | BW31: =IF($BU31>cLunchEnd+$N31,cLunchBegin+$N31+1,cLunchBegin+$N31) -> 46081.5 | BX31: =IF($BU31>cLunchEnd+$N31,cLunchEnd+$N31+1,cLunchEnd+$N31) -> 46081.542 | BY31: =IF($BU31>cDinnerEnd+$N31,cDinnerBegin+$N31+1,cDinnerBegin+$N31) -> 46081.75 | BZ31: =IF($BU31>cDinnerEnd+$N31,cDinnerEnd+$N31+1,cDinnerEnd+$N31) -> 46081.792 | CA31: =IF((MIN($BV31,BX31)-MAX($BU31,BW31))>0,vDurationLunch,) | CB31: =IF((MIN($BV31,BZ31)-MAX($BU31,BY31))>0,vDurationDinner,) | CC31: =(BV31-BU31)*24-CA31-CB31 -> 0 | CD31: =INT(N31)+TIMEVALUE("18:00") -> 46081.75 | CE31: =IF(CD31>BV31,,(MIN(BV31,CD31)-BU31)*24) | CF31: =IF(BV31-MAX(BU31,CD31)<0,,(BV31-MAX(BU31,CD31))*24) | CG31: =IF($BT31=0,$CF31,) | CH31: =IF($BT31=1,$CE31,) | CI31: =IF($BT31=1,$CF31,)
A32: =IF(ISBLANK(B32),,ROW(A32)-ROW($A$6)) -> 26 | B32: =IFERROR(__xludf.DUMMYFUNCTION("""COMPUTED_VALUE"""),26.0) -> 26 | C32: =IFERROR(__xludf.DUMMYFUNCTION("""COMPUTED_VALUE"""),"QT2026010096") -> QT2026010096 | D32: =IFERROR(__xludf.DUMMYFUNCTION("""COMPUTED_VALUE"""),"บริษัทร้อกเวิธ") -> บริษัทร้อกเวิธ | E32: =IFERROR(__xludf.DUMMYFUNCTION("""COMPUTED_VALUE"""),"โหลด ธนชาติ ") -> โหลด ธนชาติ | F32: =IFERROR(__xludf.DUMMYFUNCTION("""COMPUTED_VALUE"""),1.0) -> 1 | H32: =IFERROR(__xludf.DUMMYFUNCTION("""COMPUTED_VALUE"""),1.0) -> 1 | M32: =IFERROR(__xludf.DUMMYFUNCTION("""COMPUTED_VALUE"""),"โหลดตู้ Phone Booth จำนวน 4 ตู้ (โหลด+ประกอบบ่างส่วน)") -> โหลดตู้ Phone Booth จำนวน 4 ตู้ (โหลด+ประกอบบ่างส่วน) | N32: =IFERROR(__xludf.DUMMYFUNCTION("""COMPUTED_VALUE"""),46081.0) -> 46081 | P32: =IFERROR(__xludf.DUMMYFUNCTION("""COMPUTED_VALUE"""),46081.0) -> 46081 | T32: =IFERROR(__xludf.DUMMYFUNCTION("""COMPUTED_VALUE"""),0.0) -> 0 | U32: =IFERROR(__xludf.DUMMYFUNCTION("""COMPUTED_VALUE"""),4.0) -> 4 | Y32: =IFERROR(__xludf.DUMMYFUNCTION("""COMPUTED_VALUE"""),1.0) -> 1 | AF32: =IFERROR(__xludf.DUMMYFUNCTION("""COMPUTED_VALUE"""),1.0) -> 1 | AK32: =IFERROR(__xludf.DUMMYFUNCTION("""COMPUTED_VALUE"""),1.0) -> 1 | BC32: =IFERROR(__xludf.DUMMYFUNCTION("""COMPUTED_VALUE"""),1.0) -> 1 | BT32: =IF(ISBLANK(B32),,IF(IFNA(MATCH(N32,List_Holidays,0),0)=0,IF(IFNA(MATCH(WEEKDAY(N32),List_WeekHolidays,0),0),1,0),2)) -> 0 | BU32: =N32+O32 -> 46081 | BV32: =P32+Q32 -> 46081 | BW32: =IF($BU32>cLunchEnd+$N32,cLunchBegin+$N32+1,cLunchBegin+$N32) -> 46081.5 | BX32: =IF($BU32>cLunchEnd+$N32,cLunchEnd+$N32+1,cLunchEnd+$N32) -> 46081.542 | BY32: =IF($BU32>cDinnerEnd+$N32,cDinnerBegin+$N32+1,cDinnerBegin+$N32) -> 46081.75 | BZ32: =IF($BU32>cDinnerEnd+$N32,cDinnerEnd+$N32+1,cDinnerEnd+$N32) -> 46081.792 | CA32: =IF((MIN($BV32,BX32)-MAX($BU32,BW32))>0,vDurationLunch,) | CB32: =IF((MIN($BV32,BZ32)-MAX($BU32,BY32))>0,vDurationDinner,) | CC32: =(BV32-BU32)*24-CA32-CB32 -> 0 | CD32: =INT(N32)+TIMEVALUE("18:00") -> 46081.75 | CE32: =IF(CD32>BV32,,(MIN(BV32,CD32)-BU32)*24) | CF32: =IF(BV32-MAX(BU32,CD32)<0,,(BV32-MAX(BU32,CD32))*24) | CG32: =IF($BT32=0,$CF32,) | CH32: =IF($BT32=1,$CE32,) | CI32: =IF($BT32=1,$CF32,)
A33: =IF(ISBLANK(B33),,ROW(A33)-ROW($A$6)) -> 27 | B33: =IFERROR(__xludf.DUMMYFUNCTION("""COMPUTED_VALUE"""),27.0) -> 27 | C33: =IFERROR(__xludf.DUMMYFUNCTION("""COMPUTED_VALUE"""),"QT2025070009") -> QT2025070009 | D33: =IFERROR(__xludf.DUMMYFUNCTION("""COMPUTED_VALUE"""),"บริษัทร้อกเวิธ") -> บริษัทร้อกเวิธ | E33: =IFERROR(__xludf.DUMMYFUNCTION("""COMPUTED_VALUE"""),"การบินไทย Phas1 อาคาร 5 ชั้น 7 ") -> การบินไทย Phas1 อาคาร 5 ชั้น 7 | G33: =IFERROR(__xludf.DUMMYFUNCTION("""COMPUTED_VALUE"""),1.0) -> 1 | M33: =IFERROR(__xludf.DUMMYFUNCTION("""COMPUTED_VALUE""")," ขนย้ายเฟอร์นิเจอร์-จัดสำนักงาน") -> ขนย้ายเฟอร์นิเจอร์-จัดสำนักงาน | N33: =IFERROR(__xludf.DUMMYFUNCTION("""COMPUTED_VALUE"""),46081.0) -> 46081 | P33: =IFERROR(__xludf.DUMMYFUNCTION("""COMPUTED_VALUE"""),46081.0) -> 46081 | T33: =IFERROR(__xludf.DUMMYFUNCTION("""COMPUTED_VALUE"""),0.0) -> 0 | U33: =IFERROR(__xludf.DUMMYFUNCTION("""COMPUTED_VALUE"""),1.0) -> 1 | AG33: =IFERROR(__xludf.DUMMYFUNCTION("""COMPUTED_VALUE"""),1.0) -> 1 | BT33: =IF(ISBLANK(B33),,IF(IFNA(MATCH(N33,List_Holidays,0),0)=0,IF(IFNA(MATCH(WEEKDAY(N33),List_WeekHolidays,0),0),1,0),2)) -> 0 | BU33: =N33+O33 -> 46081 | BV33: =P33+Q33 -> 46081 | BW33: =IF($BU33>cLunchEnd+$N33,cLunchBegin+$N33+1,cLunchBegin+$N33) -> 46081.5 | BX33: =IF($BU33>cLunchEnd+$N33,cLunchEnd+$N33+1,cLunchEnd+$N33) -> 46081.542 | BY33: =IF($BU33>cDinnerEnd+$N33,cDinnerBegin+$N33+1,cDinnerBegin+$N33) -> 46081.75 | BZ33: =IF($BU33>cDinnerEnd+$N33,cDinnerEnd+$N33+1,cDinnerEnd+$N33) -> 46081.792 | CA33: =IF((MIN($BV33,BX33)-MAX($BU33,BW33))>0,vDurationLunch,) | CB33: =IF((MIN($BV33,BZ33)-MAX($BU33,BY33))>0,vDurationDinner,) | CC33: =(BV33-BU33)*24-CA33-CB33 -> 0 | CD33: =INT(N33)+TIMEVALUE("18:00") -> 46081.75 | CE33: =IF(CD33>BV33,,(MIN(BV33,CD33)-BU33)*24) | CF33: =IF(BV33-MAX(BU33,CD33)<0,,(BV33-MAX(BU33,CD33))*24) | CG33: =IF($BT33=0,$CF33,) | CH33: =IF($BT33=1,$CE33,) | CI33: =IF($BT33=1,$CF33,)
A34: =IF(ISBLANK(B34),,ROW(A34)-ROW($A$6)) -> 28 | B34: =IFERROR(__xludf.DUMMYFUNCTION("""COMPUTED_VALUE"""),28.0) -> 28 | D34: =IFERROR(__xludf.DUMMYFUNCTION("""COMPUTED_VALUE"""),"บริษัทพาส 409") -> บริษัทพาส 409 | E34: =IFERROR(__xludf.DUMMYFUNCTION("""COMPUTED_VALUE"""),"พาส409-Exxon ") -> พาส409-Exxon | G34: =IFERROR(__xludf.DUMMYFUNCTION("""COMPUTED_VALUE"""),1.0) -> 1 | M34: =IFERROR(__xludf.DUMMYFUNCTION("""COMPUTED_VALUE"""),"รื้อตู้ล็อกเกอร์ 1 ใบที่ชั้น15 มาสลับกับชั้น6 ") -> รื้อตู้ล็อกเกอร์ 1 ใบที่ชั้น15 มาสลับกับชั้น6 | N34: =IFERROR(__xludf.DUMMYFUNCTION("""COMPUTED_VALUE"""),46081.0) -> 46081 | P34: =IFERROR(__xludf.DUMMYFUNCTION("""COMPUTED_VALUE"""),46081.0) -> 46081 | T34: =IFERROR(__xludf.DUMMYFUNCTION("""COMPUTED_VALUE"""),0.0) -> 0 | U34: =IFERROR(__xludf.DUMMYFUNCTION("""COMPUTED_VALUE"""),3.0) -> 3 | W34: =IFERROR(__xludf.DUMMYFUNCTION("""COMPUTED_VALUE"""),1.0) -> 1 | Y34: =IFERROR(__xludf.DUMMYFUNCTION("""COMPUTED_VALUE"""),1.0) -> 1 | AK34: =IFERROR(__xludf.DUMMYFUNCTION("""COMPUTED_VALUE"""),1.0) -> 1 | BT34: =IF(ISBLANK(B34),,IF(IFNA(MATCH(N34,List_Holidays,0),0)=0,IF(IFNA(MATCH(WEEKDAY(N34),List_WeekHolidays,0),0),1,0),2)) -> 0 | BU34: =N34+O34 -> 46081 | BV34: =P34+Q34 -> 46081 | BW34: =IF($BU34>cLunchEnd+$N34,cLunchBegin+$N34+1,cLunchBegin+$N34) -> 46081.5 | BX34: =IF($BU34>cLunchEnd+$N34,cLunchEnd+$N34+1,cLunchEnd+$N34) -> 46081.542 | BY34: =IF($BU34>cDinnerEnd+$N34,cDinnerBegin+$N34+1,cDinnerBegin+$N34) -> 46081.75 | BZ34: =IF($BU34>cDinnerEnd+$N34,cDinnerEnd+$N34+1,cDinnerEnd+$N34) -> 46081.792 | CA34: =IF((MIN($BV34,BX34)-MAX($BU34,BW34))>0,vDurationLunch,) | CB34: =IF((MIN($BV34,BZ34)-MAX($BU34,BY34))>0,vDurationDinner,) | CC34: =(BV34-BU34)*24-CA34-CB34 -> 0 | CD34: =INT(N34)+TIMEVALUE("18:00") -> 46081.75 | CE34: =IF(CD34>BV34,,(MIN(BV34,CD34)-BU34)*24) | CF34: =IF(BV34-MAX(BU34,CD34)<0,,(BV34-MAX(BU34,CD34))*24) | CG34: =IF($BT34=0,$CF34,) | CH34: =IF($BT34=1,$CE34,) | CI34: =IF($BT34=1,$CF34,)
A35: =IF(ISBLANK(B35),,ROW(A35)-ROW($A$6)) -> 29 | B35: =IFERROR(__xludf.DUMMYFUNCTION("""COMPUTED_VALUE"""),29.0) -> 29 | C35: =IFERROR(__xludf.DUMMYFUNCTION("""COMPUTED_VALUE"""),"QT2026010060") -> QT2026010060 | D35: =IFERROR(__xludf.DUMMYFUNCTION("""COMPUTED_VALUE"""),"เคมัว") -> เคมัว | E35: =IFERROR(__xludf.DUMMYFUNCTION("""COMPUTED_VALUE"""),"เค มัวร์") -> เค มัวร์ | L35: =IFERROR(__xludf.DUMMYFUNCTION("""COMPUTED_VALUE"""),1.0) -> 1 | M35: =IFERROR(__xludf.DUMMYFUNCTION("""COMPUTED_VALUE"""),"รื้อ ขนทื้ง") -> รื้อ ขนทื้ง | N35: =IFERROR(__xludf.DUMMYFUNCTION("""COMPUTED_VALUE"""),46081.0) -> 46081 | P35: =IFERROR(__xludf.DUMMYFUNCTION("""COMPUTED_VALUE"""),46081.0) -> 46081 | T35: =IFERROR(__xludf.DUMMYFUNCTION("""COMPUTED_VALUE"""),0.0) -> 0 | U35: =IFERROR(__xludf.DUMMYFUNCTION("""COMPUTED_VALUE"""),0.0) -> 0 | BT35: =IF(ISBLANK(B35),,IF(IFNA(MATCH(N35,List_Holidays,0),0)=0,IF(IFNA(MATCH(WEEKDAY(N35),List_WeekHolidays,0),0),1,0),2)) -> 0 | BU35: =N35+O35 -> 46081 | BV35: =P35+Q35 -> 46081 | BW35: =IF($BU35>cLunchEnd+$N35,cLunchBegin+$N35+1,cLunchBegin+$N35) -> 46081.5 | BX35: =IF($BU35>cLunchEnd+$N35,cLunchEnd+$N35+1,cLunchEnd+$N35) -> 46081.542 | BY35: =IF($BU35>cDinnerEnd+$N35,cDinnerBegin+$N35+1,cDinnerBegin+$N35) -> 46081.75 | BZ35: =IF($BU35>cDinnerEnd+$N35,cDinnerEnd+$N35+1,cDinnerEnd+$N35) -> 46081.792 | CA35: =IF((MIN($BV35,BX35)-MAX($BU35,BW35))>0,vDurationLunch,) | CB35: =IF((MIN($BV35,BZ35)-MAX($BU35,BY35))>0,vDurationDinner,) | CC35: =(BV35-BU35)*24-CA35-CB35 -> 0 | CD35: =INT(N35)+TIMEVALUE("18:00") -> 46081.75 | CE35: =IF(CD35>BV35,,(MIN(BV35,CD35)-BU35)*24) | CF35: =IF(BV35-MAX(BU35,CD35)<0,,(BV35-MAX(BU35,CD35))*24) | CG35: =IF($BT35=0,$CF35,) | CH35: =IF($BT35=1,$CE35,) | CI35: =IF($BT35=1,$CF35,)
A36: =IF(ISBLANK(B36),,ROW(A36)-ROW($A$6)) -> 30 | B36: =IFERROR(__xludf.DUMMYFUNCTION("""COMPUTED_VALUE"""),30.0) -> 30 | D36: =IFERROR(__xludf.DUMMYFUNCTION("""COMPUTED_VALUE"""),"บริษัทร้อกเวิธ") -> บริษัทร้อกเวิธ | E36: =IFERROR(__xludf.DUMMYFUNCTION("""COMPUTED_VALUE"""),"A1-RW UOB ย้ายตู้ Mail Box 2 ใบ") -> A1-RW UOB ย้ายตู้ Mail Box 2 ใบ | G36: =IFERROR(__xludf.DUMMYFUNCTION("""COMPUTED_VALUE"""),1.0) -> 1 | M36: =IFERROR(__xludf.DUMMYFUNCTION("""COMPUTED_VALUE"""),"ย้ายตู้ Mail Box 2 ใบ") -> ย้ายตู้ Mail Box 2 ใบ | N36: =IFERROR(__xludf.DUMMYFUNCTION("""COMPUTED_VALUE"""),46081.0) -> 46081 | P36: =IFERROR(__xludf.DUMMYFUNCTION("""COMPUTED_VALUE"""),46081.0) -> 46081 | T36: =IFERROR(__xludf.DUMMYFUNCTION("""COMPUTED_VALUE"""),0.0) -> 0 | U36: =IFERROR(__xludf.DUMMYFUNCTION("""COMPUTED_VALUE"""),0.0) -> 0 | BT36: =IF(ISBLANK(B36),,IF(IFNA(MATCH(N36,List_Holidays,0),0)=0,IF(IFNA(MATCH(WEEKDAY(N36),List_WeekHolidays,0),0),1,0),2)) -> 0 | BU36: =N36+O36 -> 46081 | BV36: =P36+Q36 -> 46081 | BW36: =IF($BU36>cLunchEnd+$N36,cLunchBegin+$N36+1,cLunchBegin+$N36) -> 46081.5 | BX36: =IF($BU36>cLunchEnd+$N36,cLunchEnd+$N36+1,cLunchEnd+$N36) -> 46081.542 | BY36: =IF($BU36>cDinnerEnd+$N36,cDinnerBegin+$N36+1,cDinnerBegin+$N36) -> 46081.75 | BZ36: =IF($BU36>cDinnerEnd+$N36,cDinnerEnd+$N36+1,cDinnerEnd+$N36) -> 46081.792 | CA36: =IF((MIN($BV36,BX36)-MAX($BU36,BW36))>0,vDurationLunch,) | CB36: =IF((MIN($BV36,BZ36)-MAX($BU36,BY36))>0,vDurationDinner,) | CC36: =(BV36-BU36)*24-CA36-CB36 -> 0 | CD36: =INT(N36)+TIMEVALUE("18:00") -> 46081.75 | CE36: =IF(CD36>BV36,,(MIN(BV36,CD36)-BU36)*24) | CF36: =IF(BV36-MAX(BU36,CD36)<0,,(BV36-MAX(BU36,CD36))*24) | CG36: =IF($BT36=0,$CF36,) | CH36: =IF($BT36=1,$CE36,) | CI36: =IF($BT36=1,$CF36,)
A37: =IF(ISBLANK(B37),,ROW(A37)-ROW($A$6)) -> 31 | B37: =IFERROR(__xludf.DUMMYFUNCTION("""COMPUTED_VALUE"""),31.0) -> 31 | D37: =IFERROR(__xludf.DUMMYFUNCTION("""COMPUTED_VALUE"""),"บริษัทร้อกเวิธ") -> บริษัทร้อกเวิธ | E37: =IFERROR(__xludf.DUMMYFUNCTION("""COMPUTED_VALUE"""),"การบินไทย Phas1 อาคาร 5 ชั้น 18") -> การบินไทย Phas1 อาคาร 5 ชั้น 18 | G37: =IFERROR(__xludf.DUMMYFUNCTION("""COMPUTED_VALUE"""),1.0) -> 1 | M37: =IFERROR(__xludf.DUMMYFUNCTION("""COMPUTED_VALUE"""),"ส่งงาน") -> ส่งงาน | N37: =IFERROR(__xludf.DUMMYFUNCTION("""COMPUTED_VALUE"""),46079.0) -> 46079 | P37: =IFERROR(__xludf.DUMMYFUNCTION("""COMPUTED_VALUE"""),46079.0) -> 46079 | T37: =IFERROR(__xludf.DUMMYFUNCTION("""COMPUTED_VALUE"""),0.0) -> 0 | U37: =IFERROR(__xludf.DUMMYFUNCTION("""COMPUTED_VALUE"""),0.0) -> 0 | BT37: =IF(ISBLANK(B37),,IF(IFNA(MATCH(N37,List_Holidays,0),0)=0,IF(IFNA(MATCH(WEEKDAY(N37),List_WeekHolidays,0),0),1,0),2)) -> 0 | BU37: =N37+O37 -> 46079 | BV37: =P37+Q37 -> 46079 | BW37: =IF($BU37>cLunchEnd+$N37,cLunchBegin+$N37+1,cLunchBegin+$N37) -> 46079.5 | BX37: =IF($BU37>cLunchEnd+$N37,cLunchEnd+$N37+1,cLunchEnd+$N37) -> 46079.542 | BY37: =IF($BU37>cDinnerEnd+$N37,cDinnerBegin+$N37+1,cDinnerBegin+$N37) -> 46079.75 | BZ37: =IF($BU37>cDinnerEnd+$N37,cDinnerEnd+$N37+1,cDinnerEnd+$N37) -> 46079.792 | CA37: =IF((MIN($BV37,BX37)-MAX($BU37,BW37))>0,vDurationLunch,) | CB37: =IF((MIN($BV37,BZ37)-MAX($BU37,BY37))>0,vDurationDinner,) | CC37: =(BV37-BU37)*24-CA37-CB37 -> 0 | CD37: =INT(N37)+TIMEVALUE("18:00") -> 46079.75 | CE37: =IF(CD37>BV37,,(MIN(BV37,CD37)-BU37)*24) | CF37: =IF(BV37-MAX(BU37,CD37)<0,,(BV37-MAX(BU37,CD37))*24) | CG37: =IF($BT37=0,$CF37,) | CH37: =IF($BT37=1,$CE37,) | CI37: =IF($BT37=1,$CF37,)
A38: =IF(ISBLANK(B38),,ROW(A38)-ROW($A$6)) | BT38: =IF(ISBLANK(B38),,IF(IFNA(MATCH(N38,List_Holidays,0),0)=0,IF(IFNA(MATCH(WEEKDAY(N38),List_WeekHolidays,0),0),1,0),2)) | BU38: =N38+O38 -> 0 | BV38: =P38+Q38 -> 0 | BW38: =IF($BU38>cLunchEnd+$N38,cLunchBegin+$N38+1,cLunchBegin+$N38) -> 0.5 | BX38: =IF($BU38>cLunchEnd+$N38,cLunchEnd+$N38+1,cLunchEnd+$N38) -> 0.54166667 | BY38: =IF($BU38>cDinnerEnd+$N38,cDinnerBegin+$N38+1,cDinnerBegin+$N38) -> 0.75 | BZ38: =IF($BU38>cDinnerEnd+$N38,cDinnerEnd+$N38+1,cDinnerEnd+$N38) -> 0.79166667 | CA38: =IF((MIN($BV38,BX38)-MAX($BU38,BW38))>0,vDurationLunch,) | CB38: =IF((MIN($BV38,BZ38)-MAX($BU38,BY38))>0,vDurationDinner,) | CC38: =(BV38-BU38)*24-CA38-CB38 -> 0 | CD38: =INT(N38)+TIMEVALUE("18:00") -> 0.75 | CE38: =IF(CD38>BV38,,(MIN(BV38,CD38)-BU38)*24) | CF38: =IF(BV38-MAX(BU38,CD38)<0,,(BV38-MAX(BU38,CD38))*24) | CG38: =IF($BT38=0,$CF38,) | CH38: =IF($BT38=1,$CE38,) | CI38: =IF($BT38=1,$CF38,)
A39: =IF(ISBLANK(B39),,ROW(A39)-ROW($A$6)) | BT39: =IF(ISBLANK(B39),,IF(IFNA(MATCH(N39,List_Holidays,0),0)=0,IF(IFNA(MATCH(WEEKDAY(N39),List_WeekHolidays,0),0),1,0),2)) | BU39: =N39+O39 -> 0 | BV39: =P39+Q39 -> 0 | BW39: =IF($BU39>cLunchEnd+$N39,cLunchBegin+$N39+1,cLunchBegin+$N39) -> 0.5 | BX39: =IF($BU39>cLunchEnd+$N39,cLunchEnd+$N39+1,cLunchEnd+$N39) -> 0.54166667 | BY39: =IF($BU39>cDinnerEnd+$N39,cDinnerBegin+$N39+1,cDinnerBegin+$N39) -> 0.75 | BZ39: =IF($BU39>cDinnerEnd+$N39,cDinnerEnd+$N39+1,cDinnerEnd+$N39) -> 0.79166667 | CA39: =IF((MIN($BV39,BX39)-MAX($BU39,BW39))>0,vDurationLunch,) | CB39: =IF((MIN($BV39,BZ39)-MAX($BU39,BY39))>0,vDurationDinner,) | CC39: =(BV39-BU39)*24-CA39-CB39 -> 0 | CD39: =INT(N39)+TIMEVALUE("18:00") -> 0.75 | CE39: =IF(CD39>BV39,,(MIN(BV39,CD39)-BU39)*24) | CF39: =IF(BV39-MAX(BU39,CD39)<0,,(BV39-MAX(BU39,CD39))*24) | CG39: =IF($BT39=0,$CF39,) | CH39: =IF($BT39=1,$CE39,) | CI39: =IF($BT39=1,$CF39,)
A40: =IF(ISBLANK(B40),,ROW(A40)-ROW($A$6)) | BT40: =IF(ISBLANK(B40),,IF(IFNA(MATCH(N40,List_Holidays,0),0)=0,IF(IFNA(MATCH(WEEKDAY(N40),List_WeekHolidays,0),0),1,0),2)) | BU40: =N40+O40 -> 0 | BV40: =P40+Q40 -> 0 | BW40: =IF($BU40>cLunchEnd+$N40,cLunchBegin+$N40+1,cLunchBegin+$N40) -> 0.5 | BX40: =IF($BU40>cLunchEnd+$N40,cLunchEnd+$N40+1,cLunchEnd+$N40) -> 0.54166667 | BY40: =IF($BU40>cDinnerEnd+$N40,cDinnerBegin+$N40+1,cDinnerBegin+$N40) -> 0.75 | BZ40: =IF($BU40>cDinnerEnd+$N40,cDinnerEnd+$N40+1,cDinnerEnd+$N40) -> 0.79166667 | CA40: =IF((MIN($BV40,BX40)-MAX($BU40,BW40))>0,vDurationLunch,) | CB40: =IF((MIN($BV40,BZ40)-MAX($BU40,BY40))>0,vDurationDinner,) | CC40: =(BV40-BU40)*24-CA40-CB40 -> 0 | CD40: =INT(N40)+TIMEVALUE("18:00") -> 0.75 | CE40: =IF(CD40>BV40,,(MIN(BV40,CD40)-BU40)*24) | CF40: =IF(BV40-MAX(BU40,CD40)<0,,(BV40-MAX(BU40,CD40))*24) | CG40: =IF($BT40=0,$CF40,) | CH40: =IF($BT40=1,$CE40,) | CI40: =IF($BT40=1,$CF40,)
A41: =IF(ISBLANK(B41),,ROW(A41)-ROW($A$6)) | BT41: =IF(ISBLANK(B41),,IF(IFNA(MATCH(N41,List_Holidays,0),0)=0,IF(IFNA(MATCH(WEEKDAY(N41),List_WeekHolidays,0),0),1,0),2)) | BU41: =N41+O41 -> 0 | BV41: =P41+Q41 -> 0 | BW41: =IF($BU41>cLunchEnd+$N41,cLunchBegin+$N41+1,cLunchBegin+$N41) -> 0.5 | BX41: =IF($BU41>cLunchEnd+$N41,cLunchEnd+$N41+1,cLunchEnd+$N41) -> 0.54166667 | BY41: =IF($BU41>cDinnerEnd+$N41,cDinnerBegin+$N41+1,cDinnerBegin+$N41) -> 0.75 | BZ41: =IF($BU41>cDinnerEnd+$N41,cDinnerEnd+$N41+1,cDinnerEnd+$N41) -> 0.79166667 | CA41: =IF((MIN($BV41,BX41)-MAX($BU41,BW41))>0,vDurationLunch,) | CB41: =IF((MIN($BV41,BZ41)-MAX($BU41,BY41))>0,vDurationDinner,) | CC41: =(BV41-BU41)*24-CA41-CB41 -> 0 | CD41: =INT(N41)+TIMEVALUE("18:00") -> 0.75 | CE41: =IF(CD41>BV41,,(MIN(BV41,CD41)-BU41)*24) | CF41: =IF(BV41-MAX(BU41,CD41)<0,,(BV41-MAX(BU41,CD41))*24) | CG41: =IF($BT41=0,$CF41,) | CH41: =IF($BT41=1,$CE41,) | CI41: =IF($BT41=1,$CF41,)
A42: =IF(ISBLANK(B42),,ROW(A42)-ROW($A$6)) | BT42: =IF(ISBLANK(B42),,IF(IFNA(MATCH(N42,List_Holidays,0),0)=0,IF(IFNA(MATCH(WEEKDAY(N42),List_WeekHolidays,0),0),1,0),2)) | BU42: =N42+O42 -> 0 | BV42: =P42+Q42 -> 0 | BW42: =IF($BU42>cLunchEnd+$N42,cLunchBegin+$N42+1,cLunchBegin+$N42) -> 0.5 | BX42: =IF($BU42>cLunchEnd+$N42,cLunchEnd+$N42+1,cLunchEnd+$N42) -> 0.54166667 | BY42: =IF($BU42>cDinnerEnd+$N42,cDinnerBegin+$N42+1,cDinnerBegin+$N42) -> 0.75 | BZ42: =IF($BU42>cDinnerEnd+$N42,cDinnerEnd+$N42+1,cDinnerEnd+$N42) -> 0.79166667 | CA42: =IF((MIN($BV42,BX42)-MAX($BU42,BW42))>0,vDurationLunch,) | CB42: =IF((MIN($BV42,BZ42)-MAX($BU42,BY42))>0,vDurationDinner,) | CC42: =(BV42-BU42)*24-CA42-CB42 -> 0 | CD42: =INT(N42)+TIMEVALUE("18:00") -> 0.75 | CE42: =IF(CD42>BV42,,(MIN(BV42,CD42)-BU42)*24) | CF42: =IF(BV42-MAX(BU42,CD42)<0,,(BV42-MAX(BU42,CD42))*24) | CG42: =IF($BT42=0,$CF42,) | CH42: =IF($BT42=1,$CE42,) | CI42: =IF($BT42=1,$CF42,)
A43: =IF(ISBLANK(B43),,ROW(A43)-ROW($A$6)) | BT43: =IF(ISBLANK(B43),,IF(IFNA(MATCH(N43,List_Holidays,0),0)=0,IF(IFNA(MATCH(WEEKDAY(N43),List_WeekHolidays,0),0),1,0),2)) | BU43: =N43+O43 -> 0 | BV43: =P43+Q43 -> 0 | BW43: =IF($BU43>cLunchEnd+$N43,cLunchBegin+$N43+1,cLunchBegin+$N43) -> 0.5 | BX43: =IF($BU43>cLunchEnd+$N43,cLunchEnd+$N43+1,cLunchEnd+$N43) -> 0.54166667 | BY43: =IF($BU43>cDinnerEnd+$N43,cDinnerBegin+$N43+1,cDinnerBegin+$N43) -> 0.75 | BZ43: =IF($BU43>cDinnerEnd+$N43,cDinnerEnd+$N43+1,cDinnerEnd+$N43) -> 0.79166667 | CA43: =IF((MIN($BV43,BX43)-MAX($BU43,BW43))>0,vDurationLunch,) | CB43: =IF((MIN($BV43,BZ43)-MAX($BU43,BY43))>0,vDurationDinner,) | CC43: =(BV43-BU43)*24-CA43-CB43 -> 0 | CD43: =INT(N43)+TIMEVALUE("18:00") -> 0.75 | CE43: =IF(CD43>BV43,,(MIN(BV43,CD43)-BU43)*24) | CF43: =IF(BV43-MAX(BU43,CD43)<0,,(BV43-MAX(BU43,CD43))*24) | CG43: =IF($BT43=0,$CF43,) | CH43: =IF($BT43=1,$CE43,) | CI43: =IF($BT43=1,$CF43,)
A44: =IF(ISBLANK(B44),,ROW(A44)-ROW($A$6)) | BT44: =IF(ISBLANK(B44),,IF(IFNA(MATCH(N44,List_Holidays,0),0)=0,IF(IFNA(MATCH(WEEKDAY(N44),List_WeekHolidays,0),0),1,0),2)) | BU44: =N44+O44 -> 0 | BV44: =P44+Q44 -> 0 | BW44: =IF($BU44>cLunchEnd+$N44,cLunchBegin+$N44+1,cLunchBegin+$N44) -> 0.5 | BX44: =IF($BU44>cLunchEnd+$N44,cLunchEnd+$N44+1,cLunchEnd+$N44) -> 0.54166667 | BY44: =IF($BU44>cDinnerEnd+$N44,cDinnerBegin+$N44+1,cDinnerBegin+$N44) -> 0.75 | BZ44: =IF($BU44>cDinnerEnd+$N44,cDinnerEnd+$N44+1,cDinnerEnd+$N44) -> 0.79166667 | CA44: =IF((MIN($BV44,BX44)-MAX($BU44,BW44))>0,vDurationLunch,) | CB44: =IF((MIN($BV44,BZ44)-MAX($BU44,BY44))>0,vDurationDinner,) | CC44: =(BV44-BU44)*24-CA44-CB44 -> 0 | CD44: =INT(N44)+TIMEVALUE("18:00") -> 0.75 | CE44: =IF(CD44>BV44,,(MIN(BV44,CD44)-BU44)*24) | CF44: =IF(BV44-MAX(BU44,CD44)<0,,(BV44-MAX(BU44,CD44))*24) | CG44: =IF($BT44=0,$CF44,) | CH44: =IF($BT44=1,$CE44,) | CI44: =IF($BT44=1,$CF44,)
A45: =IF(ISBLANK(B45),,ROW(A45)-ROW($A$6)) | BT45: =IF(ISBLANK(B45),,IF(IFNA(MATCH(N45,List_Holidays,0),0)=0,IF(IFNA(MATCH(WEEKDAY(N45),List_WeekHolidays,0),0),1,0),2)) | BU45: =N45+O45 -> 0 | BV45: =P45+Q45 -> 0 | BW45: =IF($BU45>cLunchEnd+$N45,cLunchBegin+$N45+1,cLunchBegin+$N45) -> 0.5 | BX45: =IF($BU45>cLunchEnd+$N45,cLunchEnd+$N45+1,cLunchEnd+$N45) -> 0.54166667 | BY45: =IF($BU45>cDinnerEnd+$N45,cDinnerBegin+$N45+1,cDinnerBegin+$N45) -> 0.75 | BZ45: =IF($BU45>cDinnerEnd+$N45,cDinnerEnd+$N45+1,cDinnerEnd+$N45) -> 0.79166667 | CA45: =IF((MIN($BV45,BX45)-MAX($BU45,BW45))>0,vDurationLunch,) | CB45: =IF((MIN($BV45,BZ45)-MAX($BU45,BY45))>0,vDurationDinner,) | CC45: =(BV45-BU45)*24-CA45-CB45 -> 0 | CD45: =INT(N45)+TIMEVALUE("18:00") -> 0.75 | CE45: =IF(CD45>BV45,,(MIN(BV45,CD45)-BU45)*24) | CF45: =IF(BV45-MAX(BU45,CD45)<0,,(BV45-MAX(BU45,CD45))*24) | CG45: =IF($BT45=0,$CF45,) | CH45: =IF($BT45=1,$CE45,) | CI45: =IF($BT45=1,$CF45,)
A46: =IF(ISBLANK(B46),,ROW(A46)-ROW($A$6)) | BT46: =IF(ISBLANK(B46),,IF(IFNA(MATCH(N46,List_Holidays,0),0)=0,IF(IFNA(MATCH(WEEKDAY(N46),List_WeekHolidays,0),0),1,0),2)) | BU46: =N46+O46 -> 0 | BV46: =P46+Q46 -> 0 | BW46: =IF($BU46>cLunchEnd+$N46,cLunchBegin+$N46+1,cLunchBegin+$N46) -> 0.5 | BX46: =IF($BU46>cLunchEnd+$N46,cLunchEnd+$N46+1,cLunchEnd+$N46) -> 0.54166667 | BY46: =IF($BU46>cDinnerEnd+$N46,cDinnerBegin+$N46+1,cDinnerBegin+$N46) -> 0.75 | BZ46: =IF($BU46>cDinnerEnd+$N46,cDinnerEnd+$N46+1,cDinnerEnd+$N46) -> 0.79166667 | CA46: =IF((MIN($BV46,BX46)-MAX($BU46,BW46))>0,vDurationLunch,) | CB46: =IF((MIN($BV46,BZ46)-MAX($BU46,BY46))>0,vDurationDinner,) | CC46: =(BV46-BU46)*24-CA46-CB46 -> 0 | CD46: =INT(N46)+TIMEVALUE("18:00") -> 0.75 | CE46: =IF(CD46>BV46,,(MIN(BV46,CD46)-BU46)*24) | CF46: =IF(BV46-MAX(BU46,CD46)<0,,(BV46-MAX(BU46,CD46))*24) | CG46: =IF($BT46=0,$CF46,) | CH46: =IF($BT46=1,$CE46,) | CI46: =IF($BT46=1,$CF46,)
A47: =IF(ISBLANK(B47),,ROW(A47)-ROW($A$6)) | BT47: =IF(ISBLANK(B47),,IF(IFNA(MATCH(N47,List_Holidays,0),0)=0,IF(IFNA(MATCH(WEEKDAY(N47),List_WeekHolidays,0),0),1,0),2)) | BU47: =N47+O47 -> 0 | BV47: =P47+Q47 -> 0 | BW47: =IF($BU47>cLunchEnd+$N47,cLunchBegin+$N47+1,cLunchBegin+$N47) -> 0.5 | BX47: =IF($BU47>cLunchEnd+$N47,cLunchEnd+$N47+1,cLunchEnd+$N47) -> 0.54166667 | BY47: =IF($BU47>cDinnerEnd+$N47,cDinnerBegin+$N47+1,cDinnerBegin+$N47) -> 0.75 | BZ47: =IF($BU47>cDinnerEnd+$N47,cDinnerEnd+$N47+1,cDinnerEnd+$N47) -> 0.79166667 | CA47: =IF((MIN($BV47,BX47)-MAX($BU47,BW47))>0,vDurationLunch,) | CB47: =IF((MIN($BV47,BZ47)-MAX($BU47,BY47))>0,vDurationDinner,) | CC47: =(BV47-BU47)*24-CA47-CB47 -> 0 | CD47: =INT(N47)+TIMEVALUE("18:00") -> 0.75 | CE47: =IF(CD47>BV47,,(MIN(BV47,CD47)-BU47)*24) | CF47: =IF(BV47-MAX(BU47,CD47)<0,,(BV47-MAX(BU47,CD47))*24) | CG47: =IF($BT47=0,$CF47,) | CH47: =IF($BT47=1,$CE47,) | CI47: =IF($BT47=1,$CF47,)
A48: =IF(ISBLANK(B48),,ROW(A48)-ROW($A$6)) | BT48: =IF(ISBLANK(B48),,IF(IFNA(MATCH(N48,List_Holidays,0),0)=0,IF(IFNA(MATCH(WEEKDAY(N48),List_WeekHolidays,0),0),1,0),2)) | BU48: =N48+O48 -> 0 | BV48: =P48+Q48 -> 0 | BW48: =IF($BU48>cLunchEnd+$N48,cLunchBegin+$N48+1,cLunchBegin+$N48) -> 0.5 | BX48: =IF($BU48>cLunchEnd+$N48,cLunchEnd+$N48+1,cLunchEnd+$N48) -> 0.54166667 | BY48: =IF($BU48>cDinnerEnd+$N48,cDinnerBegin+$N48+1,cDinnerBegin+$N48) -> 0.75 | BZ48: =IF($BU48>cDinnerEnd+$N48,cDinnerEnd+$N48+1,cDinnerEnd+$N48) -> 0.79166667 | CA48: =IF((MIN($BV48,BX48)-MAX($BU48,BW48))>0,vDurationLunch,) | CB48: =IF((MIN($BV48,BZ48)-MAX($BU48,BY48))>0,vDurationDinner,) | CC48: =(BV48-BU48)*24-CA48-CB48 -> 0 | CD48: =INT(N48)+TIMEVALUE("18:00") -> 0.75 | CE48: =IF(CD48>BV48,,(MIN(BV48,CD48)-BU48)*24) | CF48: =IF(BV48-MAX(BU48,CD48)<0,,(BV48-MAX(BU48,CD48))*24) | CG48: =IF($BT48=0,$CF48,) | CH48: =IF($BT48=1,$CE48,) | CI48: =IF($BT48=1,$CF48,)
A49: =IF(ISBLANK(B49),,ROW(A49)-ROW($A$6)) | BT49: =IF(ISBLANK(B49),,IF(IFNA(MATCH(N49,List_Holidays,0),0)=0,IF(IFNA(MATCH(WEEKDAY(N49),List_WeekHolidays,0),0),1,0),2)) | BU49: =N49+O49 -> 0 | BV49: =P49+Q49 -> 0 | BW49: =IF($BU49>cLunchEnd+$N49,cLunchBegin+$N49+1,cLunchBegin+$N49) -> 0.5 | BX49: =IF($BU49>cLunchEnd+$N49,cLunchEnd+$N49+1,cLunchEnd+$N49) -> 0.54166667 | BY49: =IF($BU49>cDinnerEnd+$N49,cDinnerBegin+$N49+1,cDinnerBegin+$N49) -> 0.75 | BZ49: =IF($BU49>cDinnerEnd+$N49,cDinnerEnd+$N49+1,cDinnerEnd+$N49) -> 0.79166667 | CA49: =IF((MIN($BV49,BX49)-MAX($BU49,BW49))>0,vDurationLunch,) | CB49: =IF((MIN($BV49,BZ49)-MAX($BU49,BY49))>0,vDurationDinner,) | CC49: =(BV49-BU49)*24-CA49-CB49 -> 0 | CD49: =INT(N49)+TIMEVALUE("18:00") -> 0.75 | CE49: =IF(CD49>BV49,,(MIN(BV49,CD49)-BU49)*24) | CF49: =IF(BV49-MAX(BU49,CD49)<0,,(BV49-MAX(BU49,CD49))*24) | CG49: =IF($BT49=0,$CF49,) | CH49: =IF($BT49=1,$CE49,) | CI49: =IF($BT49=1,$CF49,)
... A1004: =IF(ISBLANK(B1004),,ROW(A1004)-ROW($A$6)) | BT1004: =IF(ISBLANK(B1004),,IF(IFNA(MATCH(N1004,List_Holidays,0),0)=0,IF(IFNA(MATCH(WEEKDAY(N1004),List_WeekHolidays,0),0),1,0),2)) | BU1004: =N1004+O1004 -> 0 | BV1004: =P1004+Q1004 -> 0 | BW1004: =IF($BU1004>cLunchEnd+$N1004,cLunchBegin+$N1004+1,cLunchBegin+$N1004) -> 0.5 | BX1004: =IF($BU1004>cLunchEnd+$N1004,cLunchEnd+$N1004+1,cLunchEnd+$N1004) -> 0.54166667 | BY1004: =IF($BU1004>cDinnerEnd+$N1004,cDinnerBegin+$N1004+1,cDinnerBegin+$N1004) -> 0.75 | BZ1004: =IF($BU1004>cDinnerEnd+$N1004,cDinnerEnd+$N1004+1,cDinnerEnd+$N1004) -> 0.79166667 | CA1004: =IF((MIN($BV1004,BX1004)-MAX($BU1004,BW1004))>0,vDurationLunch,) | CB1004: =IF((MIN($BV1004,BZ1004)-MAX($BU1004,BY1004))>0,vDurationDinner,) | CC1004: =(BV1004-BU1004)*24-CA1004-CB1004 -> 0 | CD1004: =INT(N1004)+TIMEVALUE("18:00") -> 0.75 | CE1004: =IF(CD1004>BV1004,,(MIN(BV1004,CD1004)-BU1004)*24) | CF1004: =IF(BV1004-MAX(BU1004,CD1004)<0,,(BV1004-MAX(BU1004,CD1004))*24) | CG1004: =IF($BT1004=0,$CF1004,) | CH1004: =IF($BT1004=1,$CE1004,) | CI1004: =IF($BT1004=1,$CF1004,)

Sheet Report
B1: ประจำเดือน | C1: {=CONCATENATE(INDEX(List_Month,vMonthSelected)," ",vYearSelected)} -> กุมภาพันธ์ 2026
B2: รหัสพนักงาน | C2: {=XLOOKUP(vStaffSelected,List_StaffName,List_StaffID,"ยังไม่ได้เลือกพนักงาน")} -> WMC-005 | V2: =IFERROR(__xludf.DUMMYFUNCTION("SPARKLINE(V$3,{""charttype"",""column"";""ymin"",MIN($V$3:$BE$3);""ymax"",MAX($V$3:$BE$3);""color"",""blue""})"),"") | W2: =IFERROR(__xludf.DUMMYFUNCTION("SPARKLINE(W$3,{""charttype"",""column"";""ymin"",MIN($V$3:$BE$3);""ymax"",MAX($V$3:$BE$3);""color"",""blue""})"),"") | X2: =IFERROR(__xludf.DUMMYFUNCTION("SPARKLINE(X$3,{""charttype"",""column"";""ymin"",MIN($V$3:$BE$3);""ymax"",MAX($V$3:$BE$3);""color"",""blue""})"),"") | Y2: =IFERROR(__xludf.DUMMYFUNCTION("SPARKLINE(Y$3,{""charttype"",""column"";""ymin"",MIN($V$3:$BE$3);""ymax"",MAX($V$3:$BE$3);""color"",""blue""})"),"") | Z2: =IFERROR(__xludf.DUMMYFUNCTION("SPARKLINE(Z$3,{""charttype"",""column"";""ymin"",MIN($V$3:$BE$3);""ymax"",MAX($V$3:$BE$3);""color"",""blue""})"),"") | AA2: =IFERROR(__xludf.DUMMYFUNCTION("SPARKLINE(AA$3,{""charttype"",""column"";""ymin"",MIN($V$3:$BE$3);""ymax"",MAX($V$3:$BE$3);""color"",""blue""})"),"") | AB2: =IFERROR(__xludf.DUMMYFUNCTION("SPARKLINE(AB$3,{""charttype"",""column"";""ymin"",MIN($V$3:$BE$3);""ymax"",MAX($V$3:$BE$3);""color"",""blue""})"),"") | AC2: =IFERROR(__xludf.DUMMYFUNCTION("SPARKLINE(AC$3,{""charttype"",""column"";""ymin"",MIN($V$3:$BE$3);""ymax"",MAX($V$3:$BE$3);""color"",""blue""})"),"") | AD2: =IFERROR(__xludf.DUMMYFUNCTION("SPARKLINE(AD$3,{""charttype"",""column"";""ymin"",MIN($V$3:$BE$3);""ymax"",MAX($V$3:$BE$3);""color"",""blue""})"),"") | AE2: =IFERROR(__xludf.DUMMYFUNCTION("SPARKLINE(AE$3,{""charttype"",""column"";""ymin"",MIN($V$3:$BE$3);""ymax"",MAX($V$3:$BE$3);""color"",""blue""})"),"") | AF2: =IFERROR(__xludf.DUMMYFUNCTION("SPARKLINE(AF$3,{""charttype"",""column"";""ymin"",MIN($V$3:$BE$3);""ymax"",MAX($V$3:$BE$3);""color"",""blue""})"),"") | AG2: =IFERROR(__xludf.DUMMYFUNCTION("SPARKLINE(AG$3,{""charttype"",""column"";""ymin"",MIN($V$3:$BE$3);""ymax"",MAX($V$3:$BE$3);""color"",""blue""})"),"") | AH2: =IFERROR(__xludf.DUMMYFUNCTION("SPARKLINE(AH$3,{""charttype"",""column"";""ymin"",MIN($V$3:$BE$3);""ymax"",MAX($V$3:$BE$3);""color"",""blue""})"),"") | AI2: =IFERROR(__xludf.DUMMYFUNCTION("SPARKLINE(AI$3,{""charttype"",""column"";""ymin"",MIN($V$3:$BE$3);""ymax"",MAX($V$3:$BE$3);""color"",""blue""})"),"") | AJ2: =IFERROR(__xludf.DUMMYFUNCTION("SPARKLINE(AJ$3,{""charttype"",""column"";""ymin"",MIN($V$3:$BE$3);""ymax"",MAX($V$3:$BE$3);""color"",""blue""})"),"") | AK2: =IFERROR(__xludf.DUMMYFUNCTION("SPARKLINE(AK$3,{""charttype"",""column"";""ymin"",MIN($V$3:$BE$3);""ymax"",MAX($V$3:$BE$3);""color"",""blue""})"),"") | AL2: =IFERROR(__xludf.DUMMYFUNCTION("SPARKLINE(AL$3,{""charttype"",""column"";""ymin"",MIN($V$3:$BE$3);""ymax"",MAX($V$3:$BE$3);""color"",""blue""})"),"") | AM2: =IFERROR(__xludf.DUMMYFUNCTION("SPARKLINE(AM$3,{""charttype"",""column"";""ymin"",MIN($V$3:$BE$3);""ymax"",MAX($V$3:$BE$3);""color"",""blue""})"),"") | AN2: =IFERROR(__xludf.DUMMYFUNCTION("SPARKLINE(AN$3,{""charttype"",""column"";""ymin"",MIN($V$3:$BE$3);""ymax"",MAX($V$3:$BE$3);""color"",""blue""})"),"") | AO2: =IFERROR(__xludf.DUMMYFUNCTION("SPARKLINE(AO$3,{""charttype"",""column"";""ymin"",MIN($V$3:$BE$3);""ymax"",MAX($V$3:$BE$3);""color"",""blue""})"),"") | AP2: =IFERROR(__xludf.DUMMYFUNCTION("SPARKLINE(AP$3,{""charttype"",""column"";""ymin"",MIN($V$3:$BE$3);""ymax"",MAX($V$3:$BE$3);""color"",""blue""})"),"") | AQ2: =IFERROR(__xludf.DUMMYFUNCTION("SPARKLINE(AQ$3,{""charttype"",""column"";""ymin"",MIN($V$3:$BE$3);""ymax"",MAX($V$3:$BE$3);""color"",""blue""})"),"") | AR2: =IFERROR(__xludf.DUMMYFUNCTION("SPARKLINE(AR$3,{""charttype"",""column"";""ymin"",MIN($V$3:$BE$3);""ymax"",MAX($V$3:$BE$3);""color"",""blue""})"),"") | AS2: =IFERROR(__xludf.DUMMYFUNCTION("SPARKLINE(AS$3,{""charttype"",""column"";""ymin"",MIN($V$3:$BE$3);""ymax"",MAX($V$3:$BE$3);""color"",""blue""})"),"") | AT2: =IFERROR(__xludf.DUMMYFUNCTION("SPARKLINE(AT$3,{""charttype"",""column"";""ymin"",MIN($V$3:$BE$3);""ymax"",MAX($V$3:$BE$3);""color"",""blue""})"),"") | AU2: =IFERROR(__xludf.DUMMYFUNCTION("SPARKLINE(AU$3,{""charttype"",""column"";""ymin"",MIN($V$3:$BE$3);""ymax"",MAX($V$3:$BE$3);""color"",""blue""})"),"") | AV2: =IFERROR(__xludf.DUMMYFUNCTION("SPARKLINE(AV$3,{""charttype"",""column"";""ymin"",MIN($V$3:$BE$3);""ymax"",MAX($V$3:$BE$3);""color"",""blue""})"),"") | AW2: =IFERROR(__xludf.DUMMYFUNCTION("SPARKLINE(AW$3,{""charttype"",""column"";""ymin"",MIN($V$3:$BE$3);""ymax"",MAX($V$3:$BE$3);""color"",""blue""})"),"") | AX2: =IFERROR(__xludf.DUMMYFUNCTION("SPARKLINE(AX$3,{""charttype"",""column"";""ymin"",MIN($V$3:$BE$3);""ymax"",MAX($V$3:$BE$3);""color"",""blue""})"),"") | AY2: =IFERROR(__xludf.DUMMYFUNCTION("SPARKLINE(AY$3,{""charttype"",""column"";""ymin"",MIN($V$3:$BE$3);""ymax"",MAX($V$3:$BE$3);""color"",""blue""})"),"") | AZ2: =IFERROR(__xludf.DUMMYFUNCTION("SPARKLINE(AZ$3,{""charttype"",""column"";""ymin"",MIN($V$3:$BE$3);""ymax"",MAX($V$3:$BE$3);""color"",""blue""})"),"") | BA2: =IFERROR(__xludf.DUMMYFUNCTION("SPARKLINE(BA$3,{""charttype"",""column"";""ymin"",MIN($V$3:$BE$3);""ymax"",MAX($V$3:$BE$3);""color"",""blue""})"),"") | BB2: =IFERROR(__xludf.DUMMYFUNCTION("SPARKLINE(BB$3,{""charttype"",""column"";""ymin"",MIN($V$3:$BE$3);""ymax"",MAX($V$3:$BE$3);""color"",""blue""})"),"") | BC2: =IFERROR(__xludf.DUMMYFUNCTION("SPARKLINE(BC$3,{""charttype"",""column"";""ymin"",MIN($V$3:$BE$3);""ymax"",MAX($V$3:$BE$3);""color"",""blue""})"),"") | BD2: =IFERROR(__xludf.DUMMYFUNCTION("SPARKLINE(BD$3,{""charttype"",""column"";""ymin"",MIN($V$3:$BE$3);""ymax"",MAX($V$3:$BE$3);""color"",""blue""})"),"") | BE2: =IFERROR(__xludf.DUMMYFUNCTION("SPARKLINE(BE$3,{""charttype"",""column"";""ymin"",MIN($V$3:$BE$3);""ymax"",MAX($V$3:$BE$3);""color"",""blue""})"),"") | BF2: =IFERROR(__xludf.DUMMYFUNCTION("SPARKLINE(BF$3,{""charttype"",""column"";""ymin"",MIN($V$3:$BE$3);""ymax"",MAX($V$3:$BE$3);""color"",""blue""})"),"") | BG2: =IFERROR(__xludf.DUMMYFUNCTION("SPARKLINE(BG$3,{""charttype"",""column"";""ymin"",MIN($V$3:$BE$3);""ymax"",MAX($V$3:$BE$3);""color"",""blue""})"),"") | BH2: =IFERROR(__xludf.DUMMYFUNCTION("SPARKLINE(BH$3,{""charttype"",""column"";""ymin"",MIN($V$3:$BE$3);""ymax"",MAX($V$3:$BE$3);""color"",""blue""})"),"") | BI2: =IFERROR(__xludf.DUMMYFUNCTION("SPARKLINE(BI$3,{""charttype"",""column"";""ymin"",MIN($V$3:$BE$3);""ymax"",MAX($V$3:$BE$3);""color"",""blue""})"),"")
B3: รหัสนิ้วมือ | C3: {=XLOOKUP(vStaffSelected,List_StaffName,List_FingerID,"ยังไม่ได้เลือกพนักงาน")} -> FG_WMC-005 | V3: =SUMPRODUCT($R$6:$R1000,V6:V1000) -> 32 | W3: =SUMPRODUCT($R$6:$R1000,W6:W1000) -> 32 | X3: =SUMPRODUCT($R$6:$R1000,X6:X1000) -> 2 | Y3: =SUMPRODUCT($R$6:$R1000,Y6:Y1000) -> 30 | Z3: =SUMPRODUCT($R$6:$R1000,Z6:Z1000) -> 2 | AA3: =SUMPRODUCT($R$6:$R1000,AA6:AA1000) -> 32 | AB3: =SUMPRODUCT($R$6:$R1000,AB6:AB1000) -> 0 | AC3: =SUMPRODUCT($R$6:$R1000,AC6:AC1000) -> 0 | ... BS3: =SUMPRODUCT($R$6:$R1000,BS6:BS1000) -> 0
B4: ชื่อ นามสกุล | C4: สมชาย | F4: โหลด | G4: ขนย้าย | H4: ติดต้ั้ง | I4: โกดัง | J4: ทำของ | K4: มาร์กไลน์ | L4: อื่นๆ | V4: {=INDEX(List_Nickname,V$5)} -> ตี๋ | W4: {=INDEX(List_Nickname,W$5)} -> พี่หนู / ชาย | X4: {=INDEX(List_Nickname,X$5)} -> พี่ล้าน | Y4: {=INDEX(List_Nickname,Y$5)} -> พี่บอล | Z4: {=INDEX(List_Nickname,Z$5)} -> พี่เดี่ยว | AA4: {=INDEX(List_Nickname,AA$5)} -> พี่ตุ๊ก | AB4: {=INDEX(List_Nickname,AB$5)} -> แพร | AC4: {=INDEX(List_Nickname,AC$5)} -> พี่เปิ้ล | ... BS4: {=INDEX(List_Nickname,BS$5)}
A5: ลำดับ | B5: ID | C5: QT | D5: ชื่องาน | E5: ชื่องานย่อย | M5: อธิบายงาน | N5: วันที่เริ่ม | O5: เวลาเริ่ม | P5: วันที่เลิก | Q5: เวลาเลิก | R5: ชั่วโมงทำงาน | S5: จำนวนคนที่ต้องการ | T5: ปริมาณงาน | U5: จำนวนคนที่ได้ | V5: 1 | W5: 2 | X5: 3 | Y5: 4 | Z5: 5 | AA5: 6 | AB5: 7 | AC5: 8 | AD5: 9 | AE5: 10 | AF5: 11 | AG5: 12 | AH5: 13 | AI5: 14 | AJ5: 15 | AK5: 16 | AL5: 17 | AM5: 18 | AN5: 19 | AO5: 20 | AP5: 21 | AQ5: 22 | AR5: 23 | AS5: 24 | AT5: 25 | AU5: 26 | AV5: 27 | AW5: 28 | AX5: 29 | AY5: 30 | AZ5: 31 | BA5: 32 | BB5: 33 | BC5: 34 | BD5: 35 | BE5: 36 | BF5: 37 | BG5: 38 | BH5: 39 | BI5: 40 | BJ5: 41 | BK5: 42 | BL5: 43 | BM5: 44 | BN5: 45 | BO5: 46 | BP5: 47 | BQ5: 48 | BR5: 49 | BS5: 50 | BT5: ชนิดวัน | BU5: วันทำงาน | BV5: หมายเหตุ | BW5: Work Start | BX5: Work End | BY5: Lunch Start | BZ5: Lunch End | CA5: Dinner Start | CB5: Dinner End | CC5: Lunch Included | CD5: Dinner Included | CE5: Net Duration | CF5: 0.75 | CG5: Duration Before 6pm | CH5: Duration After 6pm | CI5: OT วันปกติ 1.5 | CJ5: OT วันหยุด 2 | CK5: OT หลัง 6pm วันหยุด 3
A6: =IF(ISBLANK(B6),,ROW(A6)-5) -> 1 | B6: =IFERROR(__xludf.DUMMYFUNCTION("FILTER(dataJobIn,IF(ViewByMonth!$C$2="""",JobDate<>"""",IF(ViewByMonth!$C$3="""",YEAR(JobDate)=vYearSelected,IF(ViewByMonth!$C$4="""",MONTH(JobDate)=vMonthSelected,JobDate=vDateSelected))),CHOOSECOLS(dataJobIn,20+MATCH(vStaffSelected,List_StaffName,0)))"),1.0) -> 1 | C6: =IFERROR(__xludf.DUMMYFUNCTION("""COMPUTED_VALUE"""),"QT2025080042") -> QT2025080042 | D6: =IFERROR(__xludf.DUMMYFUNCTION("""COMPUTED_VALUE"""),"บริษัทร้อกเวิธ") -> บริษัทร้อกเวิธ | E6: =IFERROR(__xludf.DUMMYFUNCTION("""COMPUTED_VALUE"""),"TOYOTA บางบ่อHO3/HO2") -> TOYOTA บางบ่อHO3/HO2 | H6: =IFERROR(__xludf.DUMMYFUNCTION("""COMPUTED_VALUE"""),1.0) -> 1 | M6: =IFERROR(__xludf.DUMMYFUNCTION("""COMPUTED_VALUE"""),"ติดตั้งชุดโต๊ะทำงาน") -> ติดตั้งชุดโต๊ะทำงาน | N6: =IFERROR(__xludf.DUMMYFUNCTION("""COMPUTED_VALUE"""),46078.0) -> 46078 | O6: =IFERROR(__xludf.DUMMYFUNCTION("""COMPUTED_VALUE"""),0.2916666666666667) -> 0.29166667 | P6: =IFERROR(__xludf.DUMMYFUNCTION("""COMPUTED_VALUE"""),46078.0) -> 46078 | Q6: =IFERROR(__xludf.DUMMYFUNCTION("""COMPUTED_VALUE"""),0.375) -> 0.375 | R6: =IFERROR(__xludf.DUMMYFUNCTION("""COMPUTED_VALUE"""),1.9999999999999996) -> 2 | S6: =IFERROR(__xludf.DUMMYFUNCTION("""COMPUTED_VALUE"""),5.0) -> 5 | T6: =IFERROR(__xludf.DUMMYFUNCTION("""COMPUTED_VALUE"""),13.999999999999996) -> 14 | U6: =IFERROR(__xludf.DUMMYFUNCTION("""COMPUTED_VALUE"""),7.0) -> 7 | V6: =IFERROR(__xludf.DUMMYFUNCTION("""COMPUTED_VALUE"""),1.0) -> 1 | W6: =IFERROR(__xludf.DUMMYFUNCTION("""COMPUTED_VALUE"""),1.0) -> 1 | X6: =IFERROR(__xludf.DUMMYFUNCTION("""COMPUTED_VALUE"""),1.0) -> 1 | Z6: =IFERROR(__xludf.DUMMYFUNCTION("""COMPUTED_VALUE"""),1.0) -> 1 | AA6: =IFERROR(__xludf.DUMMYFUNCTION("""COMPUTED_VALUE"""),1.0) -> 1 | AD6: =IFERROR(__xludf.DUMMYFUNCTION("""COMPUTED_VALUE"""),1.0) -> 1 | AW6: =IFERROR(__xludf.DUMMYFUNCTION("""COMPUTED_VALUE"""),1.0) -> 1 | BT6: =IF(ISBLANK(B6),,IF(IFNA(MATCH(N6,List_Holidays,0),0)=0,IF(IFNA(MATCH(WEEKDAY(N6),List_WeekHolidays,0),0),1,0),2)) -> 0 | BU6: {=IF(ISBLANK(BT6),,INDEX(List_DayType,BT6+1))} -> วันทำงานปกติ | BV6: {=IFS(BT6=0,,BT6=1,INDEX(List_Weekday,BT6),BT6=2,XLOOKUP(N6,List_Holidays,List_HolidaysDesc))} | BW6: =N6+O6 -> 46078.292 | BX6: =P6+Q6 -> 46078.375 | BY6: =IF($BW6>cLunchEnd+$N6,cLunchBegin+$N6+1,cLunchBegin+$N6) -> 46078.5 | BZ6: =IF($BW6>cLunchEnd+$N6,cLunchEnd+$N6+1,cLunchEnd+$N6) -> 46078.542 | CA6: =IF($BW6>cDinnerEnd+$N6,cDinnerBegin+$N6+1,cDinnerBegin+$N6) -> 46078.75 | CB6: =IF($BW6>cDinnerEnd+$N6,cDinnerEnd+$N6+1,cDinnerEnd+$N6) -> 46078.792 | CC6: =IF((MIN($BX6,BZ6)-MAX($BW6,BY6))>0,vDurationLunch,) | CD6: =IF((MIN($BX6,CB6)-MAX($BW6,CA6))>0,vDurationDinner,) | CE6: =(BX6-BW6)*24-CC6-CD6 -> 2 | CF6: =INT(N6)+TIMEVALUE("18:00") -> 46078.75 | CG6: =IF(CF6>BX6,,(MIN(BX6,CF6)-BW6)*24) | CH6: =IF(BX6-MAX(BW6,CF6)<0,,(BX6-MAX(BW6,CF6))*24) | CI6: =IF($BT6=0,$CH6,) | CJ6: =IF($BT6=1,$CG6,) | CK6: =IF($BT6=1,$CH6,)
A7: =IF(ISBLANK(B7),,ROW(A7)-5) -> 2 | B7: =IFERROR(__xludf.DUMMYFUNCTION("""COMPUTED_VALUE"""),13.0) -> 13 | C7: =IFERROR(__xludf.DUMMYFUNCTION("""COMPUTED_VALUE"""),"QT2025080042") -> QT2025080042 | D7: =IFERROR(__xludf.DUMMYFUNCTION("""COMPUTED_VALUE"""),"บริษัทร้อกเวิธ") -> บริษัทร้อกเวิธ | E7: =IFERROR(__xludf.DUMMYFUNCTION("""COMPUTED_VALUE""")," TOYOTA บางบ่อHO2") -> TOYOTA บางบ่อHO2 | H7: =IFERROR(__xludf.DUMMYFUNCTION("""COMPUTED_VALUE"""),1.0) -> 1 | M7: =IFERROR(__xludf.DUMMYFUNCTION("""COMPUTED_VALUE""")," ติดตั้งชุดโต๊ะทำงาน ") -> ติดตั้งชุดโต๊ะทำงาน | N7: =IFERROR(__xludf.DUMMYFUNCTION("""COMPUTED_VALUE"""),46079.0) -> 46079 | O7: =IFERROR(__xludf.DUMMYFUNCTION("""COMPUTED_VALUE"""),0.2916666666666667) -> 0.29166667 | P7: =IFERROR(__xludf.DUMMYFUNCTION("""COMPUTED_VALUE"""),46079.0) -> 46079 | Q7: =IFERROR(__xludf.DUMMYFUNCTION("""COMPUTED_VALUE"""),0.8333333333333334) -> 0.83333333 | R7: =IFERROR(__xludf.DUMMYFUNCTION("""COMPUTED_VALUE"""),13.000000000058206) -> 13 | T7: =IFERROR(__xludf.DUMMYFUNCTION("""COMPUTED_VALUE"""),91.00000000040744) -> 91 | U7: =IFERROR(__xludf.DUMMYFUNCTION("""COMPUTED_VALUE"""),7.0) -> 7 | V7: =IFERROR(__xludf.DUMMYFUNCTION("""COMPUTED_VALUE"""),1.0) -> 1 | W7: =IFERROR(__xludf.DUMMYFUNCTION("""COMPUTED_VALUE"""),1.0) -> 1 | Y7: =IFERROR(__xludf.DUMMYFUNCTION("""COMPUTED_VALUE"""),1.0) -> 1 | AA7: =IFERROR(__xludf.DUMMYFUNCTION("""COMPUTED_VALUE"""),1.0) -> 1 | AK7: =IFERROR(__xludf.DUMMYFUNCTION("""COMPUTED_VALUE"""),1.0) -> 1 | AT7: =IFERROR(__xludf.DUMMYFUNCTION("""COMPUTED_VALUE"""),1.0) -> 1 | AW7: =IFERROR(__xludf.DUMMYFUNCTION("""COMPUTED_VALUE"""),1.0) -> 1 | BT7: =IF(ISBLANK(B7),,IF(IFNA(MATCH(N7,List_Holidays,0),0)=0,IF(IFNA(MATCH(WEEKDAY(N7),List_WeekHolidays,0),0),1,0),2)) -> 0 | BU7: {=IF(ISBLANK(BT7),,INDEX(List_DayType,BT7+1))} -> วันทำงานปกติ | BV7: {=IFS(BT7=0,,BT7=1,INDEX(List_Weekday,BT7),BT7=2,XLOOKUP(N7,List_Holidays,List_HolidaysDesc))} | BW7: =N7+O7 -> 46079.292 | BX7: =P7+Q7 -> 46079.833 | BY7: =IF($BW7>cLunchEnd+$N7,cLunchBegin+$N7+1,cLunchBegin+$N7) -> 46079.5 | BZ7: =IF($BW7>cLunchEnd+$N7,cLunchEnd+$N7+1,cLunchEnd+$N7) -> 46079.542 | CA7: =IF($BW7>cDinnerEnd+$N7,cDinnerBegin+$N7+1,cDinnerBegin+$N7) -> 46079.75 | CB7: =IF($BW7>cDinnerEnd+$N7,cDinnerEnd+$N7+1,cDinnerEnd+$N7) -> 46079.792 | CC7: =IF((MIN($BX7,BZ7)-MAX($BW7,BY7))>0,vDurationLunch,) -> 1 | CD7: =IF((MIN($BX7,CB7)-MAX($BW7,CA7))>0,vDurationDinner,) -> 1 | CE7: =(BX7-BW7)*24-CC7-CD7 -> 11 | CF7: =INT(N7)+TIMEVALUE("18:00") -> 46079.75 | CG7: =IF(CF7>BX7,,(MIN(BX7,CF7)-BW7)*24) -> 11 | CH7: =IF(BX7-MAX(BW7,CF7)<0,,(BX7-MAX(BW7,CF7))*24) -> 2 | CI7: =IF($BT7=0,$CH7,) -> 2 | CJ7: =IF($BT7=1,$CG7,) | CK7: =IF($BT7=1,$CH7,)
A8: =IF(ISBLANK(B8),,ROW(A8)-5) -> 3 | B8: =IFERROR(__xludf.DUMMYFUNCTION("""COMPUTED_VALUE"""),19.0) -> 19 | C8: =IFERROR(__xludf.DUMMYFUNCTION("""COMPUTED_VALUE"""),"QT2025080042") -> QT2025080042 | D8: =IFERROR(__xludf.DUMMYFUNCTION("""COMPUTED_VALUE"""),"บริษัทร้อกเวิธ") -> บริษัทร้อกเวิธ | E8: =IFERROR(__xludf.DUMMYFUNCTION("""COMPUTED_VALUE"""),"TOYOTA บางบ่อHO3/HO2") -> TOYOTA บางบ่อHO3/HO2 | H8: =IFERROR(__xludf.DUMMYFUNCTION("""COMPUTED_VALUE"""),1.0) -> 1 | M8: =IFERROR(__xludf.DUMMYFUNCTION("""COMPUTED_VALUE"""),"ติดตั้ง") -> ติดตั้ง | N8: =IFERROR(__xludf.DUMMYFUNCTION("""COMPUTED_VALUE"""),46080.0) -> 46080 | O8: =IFERROR(__xludf.DUMMYFUNCTION("""COMPUTED_VALUE"""),0.375) -> 0.375 | P8: =IFERROR(__xludf.DUMMYFUNCTION("""COMPUTED_VALUE"""),46080.0) -> 46080 | Q8: =IFERROR(__xludf.DUMMYFUNCTION("""COMPUTED_VALUE"""),0.875) -> 0.875 | R8: =IFERROR(__xludf.DUMMYFUNCTION("""COMPUTED_VALUE"""),12.0) -> 12 | T8: =IFERROR(__xludf.DUMMYFUNCTION("""COMPUTED_VALUE"""),84.0) -> 84 | U8: =IFERROR(__xludf.DUMMYFUNCTION("""COMPUTED_VALUE"""),7.0) -> 7 | V8: =IFERROR(__xludf.DUMMYFUNCTION("""COMPUTED_VALUE"""),1.0) -> 1 | W8: =IFERROR(__xludf.DUMMYFUNCTION("""COMPUTED_VALUE"""),1.0) -> 1 | Y8: =IFERROR(__xludf.DUMMYFUNCTION("""COMPUTED_VALUE"""),1.0) -> 1 | AA8: =IFERROR(__xludf.DUMMYFUNCTION("""COMPUTED_VALUE"""),1.0) -> 1 | AK8: =IFERROR(__xludf.DUMMYFUNCTION("""COMPUTED_VALUE"""),1.0) -> 1 | AT8: =IFERROR(__xludf.DUMMYFUNCTION("""COMPUTED_VALUE"""),1.0) -> 1 | AW8: =IFERROR(__xludf.DUMMYFUNCTION("""COMPUTED_VALUE"""),1.0) -> 1 | BT8: =IF(ISBLANK(B8),,IF(IFNA(MATCH(N8,List_Holidays,0),0)=0,IF(IFNA(MATCH(WEEKDAY(N8),List_WeekHolidays,0),0),1,0),2)) -> 0 | BU8: {=IF(ISBLANK(BT8),,INDEX(List_DayType,BT8+1))} -> วันทำงานปกติ | BV8: {=IFS(BT8=0,,BT8=1,INDEX(List_Weekday,BT8),BT8=2,XLOOKUP(N8,List_Holidays,List_HolidaysDesc))} | BW8: =N8+O8 -> 46080.375 | BX8: =P8+Q8 -> 46080.875 | BY8: =IF($BW8>cLunchEnd+$N8,cLunchBegin+$N8+1,cLunchBegin+$N8) -> 46080.5 | BZ8: =IF($BW8>cLunchEnd+$N8,cLunchEnd+$N8+1,cLunchEnd+$N8) -> 46080.542 | CA8: =IF($BW8>cDinnerEnd+$N8,cDinnerBegin+$N8+1,cDinnerBegin+$N8) -> 46080.75 | CB8: =IF($BW8>cDinnerEnd+$N8,cDinnerEnd+$N8+1,cDinnerEnd+$N8) -> 46080.792 | CC8: =IF((MIN($BX8,BZ8)-MAX($BW8,BY8))>0,vDurationLunch,) -> 1 | CD8: =IF((MIN($BX8,CB8)-MAX($BW8,CA8))>0,vDurationDinner,) -> 1 | CE8: =(BX8-BW8)*24-CC8-CD8 -> 10 | CF8: =INT(N8)+TIMEVALUE("18:00") -> 46080.75 | CG8: =IF(CF8>BX8,,(MIN(BX8,CF8)-BW8)*24) -> 9 | CH8: =IF(BX8-MAX(BW8,CF8)<0,,(BX8-MAX(BW8,CF8))*24) -> 3 | CI8: =IF($BT8=0,$CH8,) -> 3 | CJ8: =IF($BT8=1,$CG8,) | CK8: =IF($BT8=1,$CH8,)
A9: =IF(ISBLANK(B9),,ROW(A9)-5) -> 4 | B9: =IFERROR(__xludf.DUMMYFUNCTION("""COMPUTED_VALUE"""),24.0) -> 24 | C9: =IFERROR(__xludf.DUMMYFUNCTION("""COMPUTED_VALUE"""),"QT2025080042") -> QT2025080042 | D9: =IFERROR(__xludf.DUMMYFUNCTION("""COMPUTED_VALUE"""),"บริษัทร้อกเวิธ") -> บริษัทร้อกเวิธ | E9: =IFERROR(__xludf.DUMMYFUNCTION("""COMPUTED_VALUE"""),"TOYOTA บางบ่อHO3/HO2") -> TOYOTA บางบ่อHO3/HO2 | H9: =IFERROR(__xludf.DUMMYFUNCTION("""COMPUTED_VALUE"""),1.0) -> 1 | M9: =IFERROR(__xludf.DUMMYFUNCTION("""COMPUTED_VALUE"""),"ติดตั้ง") -> ติดตั้ง | N9: =IFERROR(__xludf.DUMMYFUNCTION("""COMPUTED_VALUE"""),46081.0) -> 46081 | O9: =IFERROR(__xludf.DUMMYFUNCTION("""COMPUTED_VALUE"""),0.75) -> 0.75 | P9: =IFERROR(__xludf.DUMMYFUNCTION("""COMPUTED_VALUE"""),46081.0) -> 46081 | Q9: =IFERROR(__xludf.DUMMYFUNCTION("""COMPUTED_VALUE"""),0.9583333333333334) -> 0.95833333 | R9: =IFERROR(__xludf.DUMMYFUNCTION("""COMPUTED_VALUE"""),5.000000000058208) -> 5 | T9: =IFERROR(__xludf.DUMMYFUNCTION("""COMPUTED_VALUE"""),35.000000000407454) -> 35 | U9: =IFERROR(__xludf.DUMMYFUNCTION("""COMPUTED_VALUE"""),7.0) -> 7 | V9: =IFERROR(__xludf.DUMMYFUNCTION("""COMPUTED_VALUE"""),1.0) -> 1 | W9: =IFERROR(__xludf.DUMMYFUNCTION("""COMPUTED_VALUE"""),1.0) -> 1 | Y9: =IFERROR(__xludf.DUMMYFUNCTION("""COMPUTED_VALUE"""),1.0) -> 1 | AA9: =IFERROR(__xludf.DUMMYFUNCTION("""COMPUTED_VALUE"""),1.0) -> 1 | AK9: =IFERROR(__xludf.DUMMYFUNCTION("""COMPUTED_VALUE"""),1.0) -> 1 | AT9: =IFERROR(__xludf.DUMMYFUNCTION("""COMPUTED_VALUE"""),1.0) -> 1 | AW9: =IFERROR(__xludf.DUMMYFUNCTION("""COMPUTED_VALUE"""),1.0) -> 1 | BT9: =IF(ISBLANK(B9),,IF(IFNA(MATCH(N9,List_Holidays,0),0)=0,IF(IFNA(MATCH(WEEKDAY(N9),List_WeekHolidays,0),0),1,0),2)) -> 0 | BU9: {=IF(ISBLANK(BT9),,INDEX(List_DayType,BT9+1))} -> วันทำงานปกติ | BV9: {=IFS(BT9=0,,BT9=1,INDEX(List_Weekday,BT9),BT9=2,XLOOKUP(N9,List_Holidays,List_HolidaysDesc))} | BW9: =N9+O9 -> 46081.75 | BX9: =P9+Q9 -> 46081.958 | BY9: =IF($BW9>cLunchEnd+$N9,cLunchBegin+$N9+1,cLunchBegin+$N9) -> 46082.5 | BZ9: =IF($BW9>cLunchEnd+$N9,cLunchEnd+$N9+1,cLunchEnd+$N9) -> 46082.542 | CA9: =IF($BW9>cDinnerEnd+$N9,cDinnerBegin+$N9+1,cDinnerBegin+$N9) -> 46081.75 | CB9: =IF($BW9>cDinnerEnd+$N9,cDinnerEnd+$N9+1,cDinnerEnd+$N9) -> 46081.792 | CC9: =IF((MIN($BX9,BZ9)-MAX($BW9,BY9))>0,vDurationLunch,) | CD9: =IF((MIN($BX9,CB9)-MAX($BW9,CA9))>0,vDurationDinner,) -> 1 | CE9: =(BX9-BW9)*24-CC9-CD9 -> 4 | CF9: =INT(N9)+TIMEVALUE("18:00") -> 46081.75 | CG9: =IF(CF9>BX9,,(MIN(BX9,CF9)-BW9)*24) -> 0 | CH9: =IF(BX9-MAX(BW9,CF9)<0,,(BX9-MAX(BW9,CF9))*24) -> 5 | CI9: =IF($BT9=0,$CH9,) -> 5 | CJ9: =IF($BT9=1,$CG9,) | CK9: =IF($BT9=1,$CH9,)
A10: =IF(ISBLANK(B10),,ROW(A10)-5) -> 5 | B10: =IFERROR(__xludf.DUMMYFUNCTION("""COMPUTED_VALUE"""),28.0) -> 28 | D10: =IFERROR(__xludf.DUMMYFUNCTION("""COMPUTED_VALUE"""),"บริษัทพาส 409") -> บริษัทพาส 409 | E10: =IFERROR(__xludf.DUMMYFUNCTION("""COMPUTED_VALUE"""),"พาส409-Exxon ") -> พาส409-Exxon | G10: =IFERROR(__xludf.DUMMYFUNCTION("""COMPUTED_VALUE"""),1.0) -> 1 | M10: =IFERROR(__xludf.DUMMYFUNCTION("""COMPUTED_VALUE"""),"รื้อตู้ล็อกเกอร์ 1 ใบที่ชั้น15 มาสลับกับชั้น6 ") -> รื้อตู้ล็อกเกอร์ 1 ใบที่ชั้น15 มาสลับกับชั้น6 | N10: =IFERROR(__xludf.DUMMYFUNCTION("""COMPUTED_VALUE"""),46081.0) -> 46081 | P10: =IFERROR(__xludf.DUMMYFUNCTION("""COMPUTED_VALUE"""),46081.0) -> 46081 | T10: =IFERROR(__xludf.DUMMYFUNCTION("""COMPUTED_VALUE"""),0.0) -> 0 | U10: =IFERROR(__xludf.DUMMYFUNCTION("""COMPUTED_VALUE"""),3.0) -> 3 | W10: =IFERROR(__xludf.DUMMYFUNCTION("""COMPUTED_VALUE"""),1.0) -> 1 | Y10: =IFERROR(__xludf.DUMMYFUNCTION("""COMPUTED_VALUE"""),1.0) -> 1 | AK10: =IFERROR(__xludf.DUMMYFUNCTION("""COMPUTED_VALUE"""),1.0) -> 1 | BT10: =IF(ISBLANK(B10),,IF(IFNA(MATCH(N10,List_Holidays,0),0)=0,IF(IFNA(MATCH(WEEKDAY(N10),List_WeekHolidays,0),0),1,0),2)) -> 0 | BU10: {=IF(ISBLANK(BT10),,INDEX(List_DayType,BT10+1))} -> วันทำงานปกติ | BV10: {=IFS(BT10=0,,BT10=1,INDEX(List_Weekday,BT10),BT10=2,XLOOKUP(N10,List_Holidays,List_HolidaysDesc))} | BW10: =N10+O10 -> 46081 | BX10: =P10+Q10 -> 46081 | BY10: =IF($BW10>cLunchEnd+$N10,cLunchBegin+$N10+1,cLunchBegin+$N10) -> 46081.5 | BZ10: =IF($BW10>cLunchEnd+$N10,cLunchEnd+$N10+1,cLunchEnd+$N10) -> 46081.542 | CA10: =IF($BW10>cDinnerEnd+$N10,cDinnerBegin+$N10+1,cDinnerBegin+$N10) -> 46081.75 | CB10: =IF($BW10>cDinnerEnd+$N10,cDinnerEnd+$N10+1,cDinnerEnd+$N10) -> 46081.792 | CC10: =IF((MIN($BX10,BZ10)-MAX($BW10,BY10))>0,vDurationLunch,) | CD10: =IF((MIN($BX10,CB10)-MAX($BW10,CA10))>0,vDurationDinner,) | CE10: =(BX10-BW10)*24-CC10-CD10 -> 0 | CF10: =INT(N10)+TIMEVALUE("18:00") -> 46081.75 | CG10: =IF(CF10>BX10,,(MIN(BX10,CF10)-BW10)*24) | CH10: =IF(BX10-MAX(BW10,CF10)<0,,(BX10-MAX(BW10,CF10))*24) | CI10: =IF($BT10=0,$CH10,) | CJ10: =IF($BT10=1,$CG10,) | CK10: =IF($BT10=1,$CH10,)
A11: =IF(ISBLANK(B11),,ROW(A11)-5) | BT11: =IF(ISBLANK(B11),,IF(IFNA(MATCH(N11,List_Holidays,0),0)=0,IF(IFNA(MATCH(WEEKDAY(N11),List_WeekHolidays,0),0),1,0),2)) | BU11: {=IF(ISBLANK(BT11),,INDEX(List_DayType,BT11+1))} | BV11: {=IFS(BT11=0,,BT11=1,INDEX(List_Weekday,BT11),BT11=2,XLOOKUP(N11,List_Holidays,List_HolidaysDesc))} | BW11: =N11+O11 -> 0 | BX11: =P11+Q11 -> 0 | BY11: =IF($BW11>cLunchEnd+$N11,cLunchBegin+$N11+1,cLunchBegin+$N11) -> 0.5 | BZ11: =IF($BW11>cLunchEnd+$N11,cLunchEnd+$N11+1,cLunchEnd+$N11) -> 0.54166667 | CA11: =IF($BW11>cDinnerEnd+$N11,cDinnerBegin+$N11+1,cDinnerBegin+$N11) -> 0.75 | CB11: =IF($BW11>cDinnerEnd+$N11,cDinnerEnd+$N11+1,cDinnerEnd+$N11) -> 0.79166667 | CC11: =IF((MIN($BX11,BZ11)-MAX($BW11,BY11))>0,vDurationLunch,) | CD11: =IF((MIN($BX11,CB11)-MAX($BW11,CA11))>0,vDurationDinner,) | CE11: =(BX11-BW11)*24-CC11-CD11 -> 0 | CF11: =INT(N11)+TIMEVALUE("18:00") -> 0.75 | CG11: =IF(CF11>BX11,,(MIN(BX11,CF11)-BW11)*24) | CH11: =IF(BX11-MAX(BW11,CF11)<0,,(BX11-MAX(BW11,CF11))*24) | CI11: =IF($BT11=0,$CH11,) | CJ11: =IF($BT11=1,$CG11,) | CK11: =IF($BT11=1,$CH11,)
A12: =IF(ISBLANK(B12),,ROW(A12)-5) | BT12: =IF(ISBLANK(B12),,IF(IFNA(MATCH(N12,List_Holidays,0),0)=0,IF(IFNA(MATCH(WEEKDAY(N12),List_WeekHolidays,0),0),1,0),2)) | BU12: {=IF(ISBLANK(BT12),,INDEX(List_DayType,BT12+1))} | BV12: {=IFS(BT12=0,,BT12=1,INDEX(List_Weekday,BT12),BT12=2,XLOOKUP(N12,List_Holidays,List_HolidaysDesc))} | BW12: =N12+O12 -> 0 | BX12: =P12+Q12 -> 0 | BY12: =IF($BW12>cLunchEnd+$N12,cLunchBegin+$N12+1,cLunchBegin+$N12) -> 0.5 | BZ12: =IF($BW12>cLunchEnd+$N12,cLunchEnd+$N12+1,cLunchEnd+$N12) -> 0.54166667 | CA12: =IF($BW12>cDinnerEnd+$N12,cDinnerBegin+$N12+1,cDinnerBegin+$N12) -> 0.75 | CB12: =IF($BW12>cDinnerEnd+$N12,cDinnerEnd+$N12+1,cDinnerEnd+$N12) -> 0.79166667 | CC12: =IF((MIN($BX12,BZ12)-MAX($BW12,BY12))>0,vDurationLunch,) | CD12: =IF((MIN($BX12,CB12)-MAX($BW12,CA12))>0,vDurationDinner,) | CE12: =(BX12-BW12)*24-CC12-CD12 -> 0 | CF12: =INT(N12)+TIMEVALUE("18:00") -> 0.75 | CG12: =IF(CF12>BX12,,(MIN(BX12,CF12)-BW12)*24) | CH12: =IF(BX12-MAX(BW12,CF12)<0,,(BX12-MAX(BW12,CF12))*24) | CI12: =IF($BT12=0,$CH12,) | CJ12: =IF($BT12=1,$CG12,) | CK12: =IF($BT12=1,$CH12,)
A13: =IF(ISBLANK(B13),,ROW(A13)-5) | BT13: =IF(ISBLANK(B13),,IF(IFNA(MATCH(N13,List_Holidays,0),0)=0,IF(IFNA(MATCH(WEEKDAY(N13),List_WeekHolidays,0),0),1,0),2)) | BU13: {=IF(ISBLANK(BT13),,INDEX(List_DayType,BT13+1))} | BV13: {=IFS(BT13=0,,BT13=1,INDEX(List_Weekday,BT13),BT13=2,XLOOKUP(N13,List_Holidays,List_HolidaysDesc))} | BW13: =N13+O13 -> 0 | BX13: =P13+Q13 -> 0 | BY13: =IF($BW13>cLunchEnd+$N13,cLunchBegin+$N13+1,cLunchBegin+$N13) -> 0.5 | BZ13: =IF($BW13>cLunchEnd+$N13,cLunchEnd+$N13+1,cLunchEnd+$N13) -> 0.54166667 | CA13: =IF($BW13>cDinnerEnd+$N13,cDinnerBegin+$N13+1,cDinnerBegin+$N13) -> 0.75 | CB13: =IF($BW13>cDinnerEnd+$N13,cDinnerEnd+$N13+1,cDinnerEnd+$N13) -> 0.79166667 | CC13: =IF((MIN($BX13,BZ13)-MAX($BW13,BY13))>0,vDurationLunch,) | CD13: =IF((MIN($BX13,CB13)-MAX($BW13,CA13))>0,vDurationDinner,) | CE13: =(BX13-BW13)*24-CC13-CD13 -> 0 | CF13: =INT(N13)+TIMEVALUE("18:00") -> 0.75 | CG13: =IF(CF13>BX13,,(MIN(BX13,CF13)-BW13)*24) | CH13: =IF(BX13-MAX(BW13,CF13)<0,,(BX13-MAX(BW13,CF13))*24) | CI13: =IF($BT13=0,$CH13,) | CJ13: =IF($BT13=1,$CG13,) | CK13: =IF($BT13=1,$CH13,)
A14: =IF(ISBLANK(B14),,ROW(A14)-5) | BT14: =IF(ISBLANK(B14),,IF(IFNA(MATCH(N14,List_Holidays,0),0)=0,IF(IFNA(MATCH(WEEKDAY(N14),List_WeekHolidays,0),0),1,0),2)) | BU14: {=IF(ISBLANK(BT14),,INDEX(List_DayType,BT14+1))} | BV14: {=IFS(BT14=0,,BT14=1,INDEX(List_Weekday,BT14),BT14=2,XLOOKUP(N14,List_Holidays,List_HolidaysDesc))} | BW14: =N14+O14 -> 0 | BX14: =P14+Q14 -> 0 | BY14: =IF($BW14>cLunchEnd+$N14,cLunchBegin+$N14+1,cLunchBegin+$N14) -> 0.5 | BZ14: =IF($BW14>cLunchEnd+$N14,cLunchEnd+$N14+1,cLunchEnd+$N14) -> 0.54166667 | CA14: =IF($BW14>cDinnerEnd+$N14,cDinnerBegin+$N14+1,cDinnerBegin+$N14) -> 0.75 | CB14: =IF($BW14>cDinnerEnd+$N14,cDinnerEnd+$N14+1,cDinnerEnd+$N14) -> 0.79166667 | CC14: =IF((MIN($BX14,BZ14)-MAX($BW14,BY14))>0,vDurationLunch,) | CD14: =IF((MIN($BX14,CB14)-MAX($BW14,CA14))>0,vDurationDinner,) | CE14: =(BX14-BW14)*24-CC14-CD14 -> 0 | CF14: =INT(N14)+TIMEVALUE("18:00") -> 0.75 | CG14: =IF(CF14>BX14,,(MIN(BX14,CF14)-BW14)*24) | CH14: =IF(BX14-MAX(BW14,CF14)<0,,(BX14-MAX(BW14,CF14))*24) | CI14: =IF($BT14=0,$CH14,) | CJ14: =IF($BT14=1,$CG14,) | CK14: =IF($BT14=1,$CH14,)
A15: =IF(ISBLANK(B15),,ROW(A15)-5) | BT15: =IF(ISBLANK(B15),,IF(IFNA(MATCH(N15,List_Holidays,0),0)=0,IF(IFNA(MATCH(WEEKDAY(N15),List_WeekHolidays,0),0),1,0),2)) | BU15: {=IF(ISBLANK(BT15),,INDEX(List_DayType,BT15+1))} | BV15: {=IFS(BT15=0,,BT15=1,INDEX(List_Weekday,BT15),BT15=2,XLOOKUP(N15,List_Holidays,List_HolidaysDesc))} | BW15: =N15+O15 -> 0 | BX15: =P15+Q15 -> 0 | BY15: =IF($BW15>cLunchEnd+$N15,cLunchBegin+$N15+1,cLunchBegin+$N15) -> 0.5 | BZ15: =IF($BW15>cLunchEnd+$N15,cLunchEnd+$N15+1,cLunchEnd+$N15) -> 0.54166667 | CA15: =IF($BW15>cDinnerEnd+$N15,cDinnerBegin+$N15+1,cDinnerBegin+$N15) -> 0.75 | CB15: =IF($BW15>cDinnerEnd+$N15,cDinnerEnd+$N15+1,cDinnerEnd+$N15) -> 0.79166667 | CC15: =IF((MIN($BX15,BZ15)-MAX($BW15,BY15))>0,vDurationLunch,) | CD15: =IF((MIN($BX15,CB15)-MAX($BW15,CA15))>0,vDurationDinner,) | CE15: =(BX15-BW15)*24-CC15-CD15 -> 0 | CF15: =INT(N15)+TIMEVALUE("18:00") -> 0.75 | CG15: =IF(CF15>BX15,,(MIN(BX15,CF15)-BW15)*24) | CH15: =IF(BX15-MAX(BW15,CF15)<0,,(BX15-MAX(BW15,CF15))*24) | CI15: =IF($BT15=0,$CH15,) | CJ15: =IF($BT15=1,$CG15,) | CK15: =IF($BT15=1,$CH15,)
A16: =IF(ISBLANK(B16),,ROW(A16)-5) | BT16: =IF(ISBLANK(B16),,IF(IFNA(MATCH(N16,List_Holidays,0),0)=0,IF(IFNA(MATCH(WEEKDAY(N16),List_WeekHolidays,0),0),1,0),2)) | BU16: {=IF(ISBLANK(BT16),,INDEX(List_DayType,BT16+1))} | BV16: {=IFS(BT16=0,,BT16=1,INDEX(List_Weekday,BT16),BT16=2,XLOOKUP(N16,List_Holidays,List_HolidaysDesc))} | BW16: =N16+O16 -> 0 | BX16: =P16+Q16 -> 0 | BY16: =IF($BW16>cLunchEnd+$N16,cLunchBegin+$N16+1,cLunchBegin+$N16) -> 0.5 | BZ16: =IF($BW16>cLunchEnd+$N16,cLunchEnd+$N16+1,cLunchEnd+$N16) -> 0.54166667 | CA16: =IF($BW16>cDinnerEnd+$N16,cDinnerBegin+$N16+1,cDinnerBegin+$N16) -> 0.75 | CB16: =IF($BW16>cDinnerEnd+$N16,cDinnerEnd+$N16+1,cDinnerEnd+$N16) -> 0.79166667 | CC16: =IF((MIN($BX16,BZ16)-MAX($BW16,BY16))>0,vDurationLunch,) | CD16: =IF((MIN($BX16,CB16)-MAX($BW16,CA16))>0,vDurationDinner,) | CE16: =(BX16-BW16)*24-CC16-CD16 -> 0 | CF16: =INT(N16)+TIMEVALUE("18:00") -> 0.75 | CG16: =IF(CF16>BX16,,(MIN(BX16,CF16)-BW16)*24) | CH16: =IF(BX16-MAX(BW16,CF16)<0,,(BX16-MAX(BW16,CF16))*24) | CI16: =IF($BT16=0,$CH16,) | CJ16: =IF($BT16=1,$CG16,) | CK16: =IF($BT16=1,$CH16,)
A17: =IF(ISBLANK(B17),,ROW(A17)-5) | BT17: =IF(ISBLANK(B17),,IF(IFNA(MATCH(N17,List_Holidays,0),0)=0,IF(IFNA(MATCH(WEEKDAY(N17),List_WeekHolidays,0),0),1,0),2)) | BU17: {=IF(ISBLANK(BT17),,INDEX(List_DayType,BT17+1))} | BV17: {=IFS(BT17=0,,BT17=1,INDEX(List_Weekday,BT17),BT17=2,XLOOKUP(N17,List_Holidays,List_HolidaysDesc))} | BW17: =N17+O17 -> 0 | BX17: =P17+Q17 -> 0 | BY17: =IF($BW17>cLunchEnd+$N17,cLunchBegin+$N17+1,cLunchBegin+$N17) -> 0.5 | BZ17: =IF($BW17>cLunchEnd+$N17,cLunchEnd+$N17+1,cLunchEnd+$N17) -> 0.54166667 | CA17: =IF($BW17>cDinnerEnd+$N17,cDinnerBegin+$N17+1,cDinnerBegin+$N17) -> 0.75 | CB17: =IF($BW17>cDinnerEnd+$N17,cDinnerEnd+$N17+1,cDinnerEnd+$N17) -> 0.79166667 | CC17: =IF((MIN($BX17,BZ17)-MAX($BW17,BY17))>0,vDurationLunch,) | CD17: =IF((MIN($BX17,CB17)-MAX($BW17,CA17))>0,vDurationDinner,) | CE17: =(BX17-BW17)*24-CC17-CD17 -> 0 | CF17: =INT(N17)+TIMEVALUE("18:00") -> 0.75 | CG17: =IF(CF17>BX17,,(MIN(BX17,CF17)-BW17)*24) | CH17: =IF(BX17-MAX(BW17,CF17)<0,,(BX17-MAX(BW17,CF17))*24) | CI17: =IF($BT17=0,$CH17,) | CJ17: =IF($BT17=1,$CG17,) | CK17: =IF($BT17=1,$CH17,)
A18: =IF(ISBLANK(B18),,ROW(A18)-5) | BT18: =IF(ISBLANK(B18),,IF(IFNA(MATCH(N18,List_Holidays,0),0)=0,IF(IFNA(MATCH(WEEKDAY(N18),List_WeekHolidays,0),0),1,0),2)) | BU18: {=IF(ISBLANK(BT18),,INDEX(List_DayType,BT18+1))} | BV18: {=IFS(BT18=0,,BT18=1,INDEX(List_Weekday,BT18),BT18=2,XLOOKUP(N18,List_Holidays,List_HolidaysDesc))} | BW18: =N18+O18 -> 0 | BX18: =P18+Q18 -> 0 | BY18: =IF($BW18>cLunchEnd+$N18,cLunchBegin+$N18+1,cLunchBegin+$N18) -> 0.5 | BZ18: =IF($BW18>cLunchEnd+$N18,cLunchEnd+$N18+1,cLunchEnd+$N18) -> 0.54166667 | CA18: =IF($BW18>cDinnerEnd+$N18,cDinnerBegin+$N18+1,cDinnerBegin+$N18) -> 0.75 | CB18: =IF($BW18>cDinnerEnd+$N18,cDinnerEnd+$N18+1,cDinnerEnd+$N18) -> 0.79166667 | CC18: =IF((MIN($BX18,BZ18)-MAX($BW18,BY18))>0,vDurationLunch,) | CD18: =IF((MIN($BX18,CB18)-MAX($BW18,CA18))>0,vDurationDinner,) | CE18: =(BX18-BW18)*24-CC18-CD18 -> 0 | CF18: =INT(N18)+TIMEVALUE("18:00") -> 0.75 | CG18: =IF(CF18>BX18,,(MIN(BX18,CF18)-BW18)*24) | CH18: =IF(BX18-MAX(BW18,CF18)<0,,(BX18-MAX(BW18,CF18))*24) | CI18: =IF($BT18=0,$CH18,) | CJ18: =IF($BT18=1,$CG18,) | CK18: =IF($BT18=1,$CH18,)
A19: =IF(ISBLANK(B19),,ROW(A19)-5) | BT19: =IF(ISBLANK(B19),,IF(IFNA(MATCH(N19,List_Holidays,0),0)=0,IF(IFNA(MATCH(WEEKDAY(N19),List_WeekHolidays,0),0),1,0),2)) | BU19: {=IF(ISBLANK(BT19),,INDEX(List_DayType,BT19+1))} | BV19: {=IFS(BT19=0,,BT19=1,INDEX(List_Weekday,BT19),BT19=2,XLOOKUP(N19,List_Holidays,List_HolidaysDesc))} | BW19: =N19+O19 -> 0 | BX19: =P19+Q19 -> 0 | BY19: =IF($BW19>cLunchEnd+$N19,cLunchBegin+$N19+1,cLunchBegin+$N19) -> 0.5 | BZ19: =IF($BW19>cLunchEnd+$N19,cLunchEnd+$N19+1,cLunchEnd+$N19) -> 0.54166667 | CA19: =IF($BW19>cDinnerEnd+$N19,cDinnerBegin+$N19+1,cDinnerBegin+$N19) -> 0.75 | CB19: =IF($BW19>cDinnerEnd+$N19,cDinnerEnd+$N19+1,cDinnerEnd+$N19) -> 0.79166667 | CC19: =IF((MIN($BX19,BZ19)-MAX($BW19,BY19))>0,vDurationLunch,) | CD19: =IF((MIN($BX19,CB19)-MAX($BW19,CA19))>0,vDurationDinner,) | CE19: =(BX19-BW19)*24-CC19-CD19 -> 0 | CF19: =INT(N19)+TIMEVALUE("18:00") -> 0.75 | CG19: =IF(CF19>BX19,,(MIN(BX19,CF19)-BW19)*24) | CH19: =IF(BX19-MAX(BW19,CF19)<0,,(BX19-MAX(BW19,CF19))*24) | CI19: =IF($BT19=0,$CH19,) | CJ19: =IF($BT19=1,$CG19,) | CK19: =IF($BT19=1,$CH19,)
A20: =IF(ISBLANK(B20),,ROW(A20)-5) | BT20: =IF(ISBLANK(B20),,IF(IFNA(MATCH(N20,List_Holidays,0),0)=0,IF(IFNA(MATCH(WEEKDAY(N20),List_WeekHolidays,0),0),1,0),2)) | BU20: {=IF(ISBLANK(BT20),,INDEX(List_DayType,BT20+1))} | BV20: {=IFS(BT20=0,,BT20=1,INDEX(List_Weekday,BT20),BT20=2,XLOOKUP(N20,List_Holidays,List_HolidaysDesc))} | BW20: =N20+O20 -> 0 | BX20: =P20+Q20 -> 0 | BY20: =IF($BW20>cLunchEnd+$N20,cLunchBegin+$N20+1,cLunchBegin+$N20) -> 0.5 | BZ20: =IF($BW20>cLunchEnd+$N20,cLunchEnd+$N20+1,cLunchEnd+$N20) -> 0.54166667 | CA20: =IF($BW20>cDinnerEnd+$N20,cDinnerBegin+$N20+1,cDinnerBegin+$N20) -> 0.75 | CB20: =IF($BW20>cDinnerEnd+$N20,cDinnerEnd+$N20+1,cDinnerEnd+$N20) -> 0.79166667 | CC20: =IF((MIN($BX20,BZ20)-MAX($BW20,BY20))>0,vDurationLunch,) | CD20: =IF((MIN($BX20,CB20)-MAX($BW20,CA20))>0,vDurationDinner,) | CE20: =(BX20-BW20)*24-CC20-CD20 -> 0 | CF20: =INT(N20)+TIMEVALUE("18:00") -> 0.75 | CG20: =IF(CF20>BX20,,(MIN(BX20,CF20)-BW20)*24) | CH20: =IF(BX20-MAX(BW20,CF20)<0,,(BX20-MAX(BW20,CF20))*24) | CI20: =IF($BT20=0,$CH20,) | CJ20: =IF($BT20=1,$CG20,) | CK20: =IF($BT20=1,$CH20,)
A21: =IF(ISBLANK(B21),,ROW(A21)-5) | BT21: =IF(ISBLANK(B21),,IF(IFNA(MATCH(N21,List_Holidays,0),0)=0,IF(IFNA(MATCH(WEEKDAY(N21),List_WeekHolidays,0),0),1,0),2)) | BU21: {=IF(ISBLANK(BT21),,INDEX(List_DayType,BT21+1))} | BV21: {=IFS(BT21=0,,BT21=1,INDEX(List_Weekday,BT21),BT21=2,XLOOKUP(N21,List_Holidays,List_HolidaysDesc))} | BW21: =N21+O21 -> 0 | BX21: =P21+Q21 -> 0 | BY21: =IF($BW21>cLunchEnd+$N21,cLunchBegin+$N21+1,cLunchBegin+$N21) -> 0.5 | BZ21: =IF($BW21>cLunchEnd+$N21,cLunchEnd+$N21+1,cLunchEnd+$N21) -> 0.54166667 | CA21: =IF($BW21>cDinnerEnd+$N21,cDinnerBegin+$N21+1,cDinnerBegin+$N21) -> 0.75 | CB21: =IF($BW21>cDinnerEnd+$N21,cDinnerEnd+$N21+1,cDinnerEnd+$N21) -> 0.79166667 | CC21: =IF((MIN($BX21,BZ21)-MAX($BW21,BY21))>0,vDurationLunch,) | CD21: =IF((MIN($BX21,CB21)-MAX($BW21,CA21))>0,vDurationDinner,) | CE21: =(BX21-BW21)*24-CC21-CD21 -> 0 | CF21: =INT(N21)+TIMEVALUE("18:00") -> 0.75 | CG21: =IF(CF21>BX21,,(MIN(BX21,CF21)-BW21)*24) | CH21: =IF(BX21-MAX(BW21,CF21)<0,,(BX21-MAX(BW21,CF21))*24) | CI21: =IF($BT21=0,$CH21,) | CJ21: =IF($BT21=1,$CG21,) | CK21: =IF($BT21=1,$CH21,)
A22: =IF(ISBLANK(B22),,ROW(A22)-5) | BT22: =IF(ISBLANK(B22),,IF(IFNA(MATCH(N22,List_Holidays,0),0)=0,IF(IFNA(MATCH(WEEKDAY(N22),List_WeekHolidays,0),0),1,0),2)) | BU22: {=IF(ISBLANK(BT22),,INDEX(List_DayType,BT22+1))} | BV22: {=IFS(BT22=0,,BT22=1,INDEX(List_Weekday,BT22),BT22=2,XLOOKUP(N22,List_Holidays,List_HolidaysDesc))} | BW22: =N22+O22 -> 0 | BX22: =P22+Q22 -> 0 | BY22: =IF($BW22>cLunchEnd+$N22,cLunchBegin+$N22+1,cLunchBegin+$N22) -> 0.5 | BZ22: =IF($BW22>cLunchEnd+$N22,cLunchEnd+$N22+1,cLunchEnd+$N22) -> 0.54166667 | CA22: =IF($BW22>cDinnerEnd+$N22,cDinnerBegin+$N22+1,cDinnerBegin+$N22) -> 0.75 | CB22: =IF($BW22>cDinnerEnd+$N22,cDinnerEnd+$N22+1,cDinnerEnd+$N22) -> 0.79166667 | CC22: =IF((MIN($BX22,BZ22)-MAX($BW22,BY22))>0,vDurationLunch,) | CD22: =IF((MIN($BX22,CB22)-MAX($BW22,CA22))>0,vDurationDinner,) | CE22: =(BX22-BW22)*24-CC22-CD22 -> 0 | CF22: =INT(N22)+TIMEVALUE("18:00") -> 0.75 | CG22: =IF(CF22>BX22,,(MIN(BX22,CF22)-BW22)*24) | CH22: =IF(BX22-MAX(BW22,CF22)<0,,(BX22-MAX(BW22,CF22))*24) | CI22: =IF($BT22=0,$CH22,) | CJ22: =IF($BT22=1,$CG22,) | CK22: =IF($BT22=1,$CH22,)
... A1000: =IF(ISBLANK(B1000),,ROW(A1000)-5) | BT1000: =IF(ISBLANK(B1000),,IF(IFNA(MATCH(N1000,List_Holidays,0),0)=0,IF(IFNA(MATCH(WEEKDAY(N1000),List_WeekHolidays,0),0),1,0),2)) | BU1000: {=IF(ISBLANK(BT1000),,INDEX(List_DayType,BT1000+1))} | BV1000: {=IFS(BT1000=0,,BT1000=1,INDEX(List_Weekday,BT1000),BT1000=2,XLOOKUP(N1000,List_Holidays,List_HolidaysDesc))} | BW1000: =N1000+O1000 -> 0 | BX1000: =P1000+Q1000 -> 0 | BY1000: =IF($BW1000>cLunchEnd+$N1000,cLunchBegin+$N1000+1,cLunchBegin+$N1000) -> 0.5 | BZ1000: =IF($BW1000>cLunchEnd+$N1000,cLunchEnd+$N1000+1,cLunchEnd+$N1000) -> 0.54166667 | CA1000: =IF($BW1000>cDinnerEnd+$N1000,cDinnerBegin+$N1000+1,cDinnerBegin+$N1000) -> 0.75 | CB1000: =IF($BW1000>cDinnerEnd+$N1000,cDinnerEnd+$N1000+1,cDinnerEnd+$N1000) -> 0.79166667 | CC1000: =IF((MIN($BX1000,BZ1000)-MAX($BW1000,BY1000))>0,vDurationLunch,) | CD1000: =IF((MIN($BX1000,CB1000)-MAX($BW1000,CA1000))>0,vDurationDinner,) | CE1000: =(BX1000-BW1000)*24-CC1000-CD1000 -> 0 | CF1000: =INT(N1000)+TIMEVALUE("18:00") -> 0.75 | CG1000: =IF(CF1000>BX1000,,(MIN(BX1000,CF1000)-BW1000)*24) | CH1000: =IF(BX1000-MAX(BW1000,CF1000)<0,,(BX1000-MAX(BW1000,CF1000))*24) | CI1000: =IF($BT1000=0,$CH1000,) | CJ1000: =IF($BT1000=1,$CG1000,) | CK1000: =IF($BT1000=1,$CH1000,)

Sheet Calendar
B2: 2026 | C2: =DATE($B$2,MATCH($B$3,Parameter!$B$2:$B$13,0),1) -> 46054 | D2: Fist date
B3: กุมภาพันธ์ | C3: =WEEKDAY($C$2,2) -> 7 | D3: First weekday
B4: 1 | C4: 2 | D4: 3 | E4: 4 | F4: 5 | G4: 6 | H4: 7
B5: MON | C5: TUE | D5: WED | E5: THU | F5: FRI | G5: SAT | H5: SUN
A6: 1 | B6: =B$4-$C$3+(7*($A6-1)+$C$2) -> 46048 | C6: =C$4-$C$3+(7*($A6-1)+$C$2) -> 46049 | D6: =D$4-$C$3+(7*($A6-1)+$C$2) -> 46050 | E6: =E$4-$C$3+(7*($A6-1)+$C$2) -> 46051 | F6: =F$4-$C$3+(7*($A6-1)+$C$2) -> 46052 | G6: =G$4-$C$3+(7*($A6-1)+$C$2) -> 46053 | H6: =H$4-$C$3+(7*($A6-1)+$C$2) -> 46054
A7: 1 | B7: =IFERROR(__xludf.DUMMYFUNCTION("IFNA( FILTER('Job-In'!$D$6:$D$305,'Job-In'!$M$6:$M$305=B$6),""-"")"),"-") -> - | C7: =IFERROR(__xludf.DUMMYFUNCTION("IFNA( FILTER('Job-In'!$D$6:$D$305,'Job-In'!$M$6:$M$305=C$6),""-"")"),"-") -> - | D7: =IFERROR(__xludf.DUMMYFUNCTION("IFNA( FILTER('Job-In'!$D$6:$D$305,'Job-In'!$M$6:$M$305=D$6),""-"")"),"-") -> - | E7: =IFERROR(__xludf.DUMMYFUNCTION("IFNA( FILTER('Job-In'!$D$6:$D$305,'Job-In'!$M$6:$M$305=E$6),""-"")"),"-") -> - | F7: =IFERROR(__xludf.DUMMYFUNCTION("IFNA( FILTER('Job-In'!$D$6:$D$305,'Job-In'!$M$6:$M$305=F$6),""-"")"),"-") -> - | G7: =IFERROR(__xludf.DUMMYFUNCTION("IFNA( FILTER('Job-In'!$D$6:$D$305,'Job-In'!$M$6:$M$305=G$6),""-"")"),"-") -> - | H7: =IFERROR(__xludf.DUMMYFUNCTION("IFNA( FILTER('Job-In'!$D$6:$D$305,'Job-In'!$M$6:$M$305=H$6),""-"")"),"-") -> - | J7: Last date | K7: =K9-C2 -> 28
A8: 2
A9: 3 | J9: Next month | K9: =EDATE(C2,1) -> 46082
A10: 4
A11: 5
A12: 6
A13: 7
A14: 8
A15: 9
A16: 10
A17: 11
A18: 12
A19: 13
A20: 14
A21: 15
A22: 2 | B22: =B$4-$C$3+(7*($A22-1)+$C$2) -> 46055 | C22: =C$4-$C$3+(7*($A22-1)+$C$2) -> 46056 | D22: =D$4-$C$3+(7*($A22-1)+$C$2) -> 46057 | E22: =E$4-$C$3+(7*($A22-1)+$C$2) -> 46058 | F22: =F$4-$C$3+(7*($A22-1)+$C$2) -> 46059 | G22: =G$4-$C$3+(7*($A22-1)+$C$2) -> 46060 | H22: =H$4-$C$3+(7*($A22-1)+$C$2) -> 46061
A23: 1 | B23: =IFERROR(__xludf.DUMMYFUNCTION("IFNA( FILTER('Job-In'!$D$6:$D$305,'Job-In'!$M$6:$M$305=B$22),""-"")"),"-") -> - | C23: =IFERROR(__xludf.DUMMYFUNCTION("IFNA( FILTER('Job-In'!$D$6:$D$305,'Job-In'!$M$6:$M$305=C$22),""-"")"),"-") -> - | D23: =IFERROR(__xludf.DUMMYFUNCTION("IFNA( FILTER('Job-In'!$D$6:$D$305,'Job-In'!$M$6:$M$305=D$22),""-"")"),"-") -> - | E23: =IFERROR(__xludf.DUMMYFUNCTION("IFNA( FILTER('Job-In'!$D$6:$D$305,'Job-In'!$M$6:$M$305=E$22),""-"")"),"-") -> - | F23: =IFERROR(__xludf.DUMMYFUNCTION("IFNA( FILTER('Job-In'!$D$6:$D$305,'Job-In'!$M$6:$M$305=F$22),""-"")"),"-") -> - | G23: =IFERROR(__xludf.DUMMYFUNCTION("IFNA( FILTER('Job-In'!$D$6:$D$305,'Job-In'!$M$6:$M$305=G$22),""-"")"),"-") -> - | H23: =IFERROR(__xludf.DUMMYFUNCTION("IFNA( FILTER('Job-In'!$D$6:$D$305,'Job-In'!$M$6:$M$305=H$22),""-"")"),"-") -> -
A24: 2
A25: 3
A26: 4
A27: 5
A28: 6
A29: 7
A30: 8
A31: 9
A32: 10
A33: 11
A34: 12
A35: 13
... A37: 15
A38: 3 | B38: =B$4-$C$3+(7*($A38-1)+$C$2) -> 46062 | C38: =C$4-$C$3+(7*($A38-1)+$C$2) -> 46063 | D38: =D$4-$C$3+(7*($A38-1)+$C$2) -> 46064 | E38: =E$4-$C$3+(7*($A38-1)+$C$2) -> 46065 | F38: =F$4-$C$3+(7*($A38-1)+$C$2) -> 46066 | G38: =G$4-$C$3+(7*($A38-1)+$C$2) -> 46067 | H38: =H$4-$C$3+(7*($A38-1)+$C$2) -> 46068
A39: 1 | B39: =IFERROR(__xludf.DUMMYFUNCTION("IFNA( FILTER('Job-In'!$D$6:$D$305,'Job-In'!$M$6:$M$305=B$38),""-"")"),"-") -> - | C39: =IFERROR(__xludf.DUMMYFUNCTION("IFNA( FILTER('Job-In'!$D$6:$D$305,'Job-In'!$M$6:$M$305=C$38),""-"")"),"-") -> - | D39: =IFERROR(__xludf.DUMMYFUNCTION("IFNA( FILTER('Job-In'!$D$6:$D$305,'Job-In'!$M$6:$M$305=D$38),""-"")"),"-") -> - | E39: =IFERROR(__xludf.DUMMYFUNCTION("IFNA( FILTER('Job-In'!$D$6:$D$305,'Job-In'!$M$6:$M$305=E$38),""-"")"),"-") -> - | F39: =IFERROR(__xludf.DUMMYFUNCTION("IFNA( FILTER('Job-In'!$D$6:$D$305,'Job-In'!$M$6:$M$305=F$38),""-"")"),"-") -> - | G39: =IFERROR(__xludf.DUMMYFUNCTION("IFNA( FILTER('Job-In'!$D$6:$D$305,'Job-In'!$M$6:$M$305=G$38),""-"")"),"-") -> - | H39: =IFERROR(__xludf.DUMMYFUNCTION("IFNA( FILTER('Job-In'!$D$6:$D$305,'Job-In'!$M$6:$M$305=H$38),""-"")"),"-") -> -
A40: 2
A41: 3
A42: 4
A43: 5
A44: 6
A45: 7
A46: 8
A47: 9
A48: 10
A49: 11
A50: 12
A51: 13
... A53: 15
A54: 4 | B54: =B$4-$C$3+(7*($A54-1)+$C$2) -> 46069 | C54: =C$4-$C$3+(7*($A54-1)+$C$2) -> 46070 | D54: =D$4-$C$3+(7*($A54-1)+$C$2) -> 46071 | E54: =E$4-$C$3+(7*($A54-1)+$C$2) -> 46072 | F54: =F$4-$C$3+(7*($A54-1)+$C$2) -> 46073 | G54: =G$4-$C$3+(7*($A54-1)+$C$2) -> 46074 | H54: =H$4-$C$3+(7*($A54-1)+$C$2) -> 46075
A55: 1 | B55: =IFERROR(__xludf.DUMMYFUNCTION("IFNA( FILTER('Job-In'!$D$6:$D$305,'Job-In'!$M$6:$M$305=B$54),""-"")"),"-") -> - | C55: =IFERROR(__xludf.DUMMYFUNCTION("IFNA( FILTER('Job-In'!$C$6:$C$305,'Job-In'!$M$6:$M$305=C$54),""-"")"),"-") -> - | D55: =IFERROR(__xludf.DUMMYFUNCTION("IFNA( FILTER('Job-In'!$D$6:$D$305,'Job-In'!$M$6:$M$305=D$54),""-"")"),"-") -> - | E55: =IFERROR(__xludf.DUMMYFUNCTION("IFNA( FILTER('Job-In'!$D$6:$D$305,'Job-In'!$M$6:$M$305=E$54),""-"")"),"-") -> - | F55: =IFERROR(__xludf.DUMMYFUNCTION("IFNA( FILTER('Job-In'!$D$6:$D$305,'Job-In'!$M$6:$M$305=F$54),""-"")"),"-") -> - | G55: =IFERROR(__xludf.DUMMYFUNCTION("IFNA( FILTER('Job-In'!$D$6:$D$305,'Job-In'!$M$6:$M$305=G$54),""-"")"),"-") -> - | H55: =IFERROR(__xludf.DUMMYFUNCTION("IFNA( FILTER('Job-In'!$D$6:$D$305,'Job-In'!$M$6:$M$305=H$54),""-"")"),"-") -> -
A56: 2
A57: 3
A58: 4
A59: 5
A60: 6
A61: 7
A62: 8
A63: 9
A64: 10
A65: 11
A66: 12
A67: 13
... A69: 15
A70: 5 | B70: =B$4-$C$3+(7*($A70-1)+$C$2) -> 46076 | C70: =C$4-$C$3+(7*($A70-1)+$C$2) -> 46077 | D70: =D$4-$C$3+(7*($A70-1)+$C$2) -> 46078 | E70: =E$4-$C$3+(7*($A70-1)+$C$2) -> 46079 | F70: =F$4-$C$3+(7*($A70-1)+$C$2) -> 46080 | G70: =G$4-$C$3+(7*($A70-1)+$C$2) -> 46081 | H70: =H$4-$C$3+(7*($A70-1)+$C$2) -> 46082
A71: 1 | B71: =IFERROR(__xludf.DUMMYFUNCTION("IFNA( FILTER('Job-In'!$D$6:$D$305,'Job-In'!$M$6:$M$305=B$70),""-"")"),"-") -> - | C71: =IFERROR(__xludf.DUMMYFUNCTION("IFNA( FILTER('Job-In'!$D$6:$D$305,'Job-In'!$M$6:$M$305=C$70),""-"")"),"-") -> - | D71: =IFERROR(__xludf.DUMMYFUNCTION("IFNA( FILTER('Job-In'!$D$6:$D$305,'Job-In'!$M$6:$M$305=D$70),""-"")"),"TOYOTA บางบ่อHO3/HO2") -> TOYOTA บางบ่อHO3/HO2 | E71: =IFERROR(__xludf.DUMMYFUNCTION("IFNA( FILTER('Job-In'!$D$6:$D$305,'Job-In'!$M$6:$M$305=E$70),""-"")"),"TOYOTA AUTO") -> TOYOTA AUTO | F71: =IFERROR(__xludf.DUMMYFUNCTION("IFNA( FILTER('Job-In'!$D$6:$D$305,'Job-In'!$M$6:$M$305=F$70),""-"")"),"TOYOTA บางบ่อHO3/HO2") -> TOYOTA บางบ่อHO3/HO2 | G71: =IFERROR(__xludf.DUMMYFUNCTION("IFNA( FILTER('Job-In'!$D$6:$D$305,'Job-In'!$M$6:$M$305=G$70),""-"")")," การบินไทย Phas1 อาคาร 5 ชั้น 7 ") -> การบินไทย Phas1 อาคาร 5 ชั้น 7 | H71: =IFERROR(__xludf.DUMMYFUNCTION("IFNA( FILTER('Job-In'!$D$6:$D$305,'Job-In'!$M$6:$M$305=H$70),""-"")"),"-") -> -
A72: 2 | D72: =IFERROR(__xludf.DUMMYFUNCTION("""COMPUTED_VALUE"""),"TOYOTA บางบ่อHO2") -> TOYOTA บางบ่อHO2 | E72: =IFERROR(__xludf.DUMMYFUNCTION("""COMPUTED_VALUE""")," TOYOTA บางบ่อHO2") -> TOYOTA บางบ่อHO2 | F72: =IFERROR(__xludf.DUMMYFUNCTION("""COMPUTED_VALUE"""),"TOYOTA บ้านโพธิ์ ") -> TOYOTA บ้านโพธิ์ | G72: =IFERROR(__xludf.DUMMYFUNCTION("""COMPUTED_VALUE"""),"TOYOTA บางบ่อHO3/HO2") -> TOYOTA บางบ่อHO3/HO2
A73: 3 | D73: =IFERROR(__xludf.DUMMYFUNCTION("""COMPUTED_VALUE"""),"TOYOTA บ้านโพธิ์") -> TOYOTA บ้านโพธิ์ | E73: =IFERROR(__xludf.DUMMYFUNCTION("""COMPUTED_VALUE""")," TOYOTA บางบ่อHO1") -> TOYOTA บางบ่อHO1 | F73: =IFERROR(__xludf.DUMMYFUNCTION("""COMPUTED_VALUE"""),"บริษัท สตูดิโอ") -> บริษัท สตูดิโอ | G73: =IFERROR(__xludf.DUMMYFUNCTION("""COMPUTED_VALUE"""),"TOYOTA บ้านโพธิ์ ") -> TOYOTA บ้านโพธิ์
A74: 4 | D74: =IFERROR(__xludf.DUMMYFUNCTION("""COMPUTED_VALUE"""),"TOYOTA บางบ่อ HO2") -> TOYOTA บางบ่อ HO2 | E74: =IFERROR(__xludf.DUMMYFUNCTION("""COMPUTED_VALUE"""),"TOYOTA บ้านโพธิ์ ") -> TOYOTA บ้านโพธิ์ | F74: =IFERROR(__xludf.DUMMYFUNCTION("""COMPUTED_VALUE"""),"การบินไทย Phas1 อาคาร 5 ชั้น 7 ") -> การบินไทย Phas1 อาคาร 5 ชั้น 7 | G74: =IFERROR(__xludf.DUMMYFUNCTION("""COMPUTED_VALUE"""),"โหลด ธนชาติ ") -> โหลด ธนชาติ
A75: 5 | D75: =IFERROR(__xludf.DUMMYFUNCTION("""COMPUTED_VALUE"""),"Space Matrix Design / PJ. Galderma Thailand") -> Space Matrix Design / PJ. Galderma Thailand | E75: =IFERROR(__xludf.DUMMYFUNCTION("""COMPUTED_VALUE"""),"บริษัท สตูดิโอ ") -> บริษัท สตูดิโอ | F75: =IFERROR(__xludf.DUMMYFUNCTION("""COMPUTED_VALUE"""),"โปรเจค HA ") -> โปรเจค HA | G75: =IFERROR(__xludf.DUMMYFUNCTION("""COMPUTED_VALUE"""),"การบินไทย Phas1 อาคาร 5 ชั้น 7 ") -> การบินไทย Phas1 อาคาร 5 ชั้น 7
A76: 6 | D76: =IFERROR(__xludf.DUMMYFUNCTION("""COMPUTED_VALUE"""),"GSK One ดุสิต ชั้น 25") -> GSK One ดุสิต ชั้น 25 | E76: =IFERROR(__xludf.DUMMYFUNCTION("""COMPUTED_VALUE"""),"เลดีเทค โหลด Thr Parq พระราม4 ") -> เลดีเทค โหลด Thr Parq พระราม4 | G76: =IFERROR(__xludf.DUMMYFUNCTION("""COMPUTED_VALUE"""),"พาส409-Exxon ") -> พาส409-Exxon
A77: 7 | D77: =IFERROR(__xludf.DUMMYFUNCTION("""COMPUTED_VALUE"""),"บริษัท เงินทุนแอร์ดวาน ") -> บริษัท เงินทุนแอร์ดวาน | E77: =IFERROR(__xludf.DUMMYFUNCTION("""COMPUTED_VALUE"""),"การบินไทย Phas1 อาคาร 5 ชั้น 18") -> การบินไทย Phas1 อาคาร 5 ชั้น 18 | G77: =IFERROR(__xludf.DUMMYFUNCTION("""COMPUTED_VALUE"""),"เค มัวร์") -> เค มัวร์
A78: 8 | D78: =IFERROR(__xludf.DUMMYFUNCTION("""COMPUTED_VALUE"""),"เดลีเทค อาคารThr Parq พระราม4") -> เดลีเทค อาคารThr Parq พระราม4 | G78: =IFERROR(__xludf.DUMMYFUNCTION("""COMPUTED_VALUE"""),"A1-RW UOB ย้ายตู้ Mail Box 2 ใบ") -> A1-RW UOB ย้ายตู้ Mail Box 2 ใบ
A79: 9 | D79: =IFERROR(__xludf.DUMMYFUNCTION("""COMPUTED_VALUE"""),"การบินไทย Phas1 อาคาร 5 ชั้น 18") -> การบินไทย Phas1 อาคาร 5 ชั้น 18
A80: 10 | D80: =IFERROR(__xludf.DUMMYFUNCTION("""COMPUTED_VALUE"""),"RW วางบิล") -> RW วางบิล
A81: 11 | D81: =IFERROR(__xludf.DUMMYFUNCTION("""COMPUTED_VALUE"""),"โอคามูระ") -> โอคามูระ
A82: 12
A83: 13
A84: 14
A85: 15
A86: 6 | B86: =B$4-$C$3+(7*($A86-1)+$C$2) -> 46083 | C86: =C$4-$C$3+(7*($A86-1)+$C$2) -> 46084 | D86: =D$4-$C$3+(7*($A86-1)+$C$2) -> 46085 | E86: =E$4-$C$3+(7*($A86-1)+$C$2) -> 46086 | F86: =F$4-$C$3+(7*($A86-1)+$C$2) -> 46087 | G86: =G$4-$C$3+(7*($A86-1)+$C$2) -> 46088 | H86: =H$4-$C$3+(7*($A86-1)+$C$2) -> 46089
A87: 1 | B87: =IFERROR(__xludf.DUMMYFUNCTION("IFNA( FILTER('Job-In'!$D$6:$D$305,'Job-In'!$M$6:$M$305=B$86),""-"")"),"-") -> - | C87: =IFERROR(__xludf.DUMMYFUNCTION("IFNA( FILTER('Job-In'!$D$6:$D$305,'Job-In'!$M$6:$M$305=C$86),""-"")"),"-") -> - | D87: =IFERROR(__xludf.DUMMYFUNCTION("IFNA( FILTER('Job-In'!$D$6:$D$305,'Job-In'!$M$6:$M$305=D$86),""-"")"),"-") -> - | E87: =IFERROR(__xludf.DUMMYFUNCTION("IFNA( FILTER('Job-In'!$D$6:$D$305,'Job-In'!$M$6:$M$305=E$86),""-"")"),"-") -> - | F87: =IFERROR(__xludf.DUMMYFUNCTION("IFNA( FILTER('Job-In'!$D$6:$D$305,'Job-In'!$M$6:$M$305=F$86),""-"")"),"-") -> - | G87: =IFERROR(__xludf.DUMMYFUNCTION("IFNA( FILTER('Job-In'!$D$6:$D$305,'Job-In'!$M$6:$M$305=G$86),""-"")"),"-") -> - | H87: =IFERROR(__xludf.DUMMYFUNCTION("IFNA( FILTER('Job-In'!$D$6:$D$305,'Job-In'!$M$6:$M$305=H$86),""-"")"),"-") -> -
A88: 2
A89: 3
A90: 4
A91: 5
A92: 6
A93: 7
A94: 8
A95: 9
A96: 10
A97: 11
A98: 12
A99: 13
... A101: 15

Sheet JobList
A2: No. | B2: Job ID | C2: Job Name
A3: =IF(ISBLANK(tbJobList[Job Name]),,ROW(A3)-2) -> 1 | C3: บริษัทร้อกเวิธ | G3: =TRIM(E3)
A4: =IF(ISBLANK(tbJobList[Job Name]),,ROW(A4)-2) -> 2 | C4: บริษัทร้อกเวิธ
A5: =IF(ISBLANK(tbJobList[Job Name]),,ROW(A5)-2) -> 3 | C5: บริษัทโอคามูระ
A6: =IF(ISBLANK(tbJobList[Job Name]),,ROW(A6)-2) -> 4 | C6: บริษัทโอคามูระ
A7: =IF(ISBLANK(tbJobList[Job Name]),,ROW(A7)-2) -> 5 | C7: บริษัทแฟร์ดี
A8: =IF(ISBLANK(tbJobList[Job Name]),,ROW(A8)-2) -> 6 | C8: บริษัทพาส 409
A9: =IF(ISBLANK(tbJobList[Job Name]),,ROW(A9)-2) -> 7 | C9: เคมัว
A10: =IF(ISBLANK(tbJobList[Job Name]),,ROW(A10)-2)
A11: =IF(ISBLANK(tbJobList[Job Name]),,ROW(A11)-2)
A12: =IF(ISBLANK(tbJobList[Job Name]),,ROW(A12)-2)
A13: =IF(ISBLANK(tbJobList[Job Name]),,ROW(A13)-2)
A14: =IF(ISBLANK(tbJobList[Job Name]),,ROW(A14)-2)
A15: =IF(ISBLANK(tbJobList[Job Name]),,ROW(A15)-2)
A16: =IF(ISBLANK(tbJobList[Job Name]),,ROW(A16)-2)
A17: =IF(ISBLANK(tbJobList[Job Name]),,ROW(A17)-2)
A18: =IF(ISBLANK(tbJobList[Job Name]),,ROW(A18)-2)
A19: =IF(ISBLANK(tbJobList[Job Name]),,ROW(A19)-2)
A20: =IF(ISBLANK(tbJobList[Job Name]),,ROW(A20)-2)
A21: =IF(ISBLANK(tbJobList[Job Name]),,ROW(A21)-2)
... A1000: =IF(ISBLANK(tbJobList[Job Name]),,ROW(A1000)-2)

Sheet Parameter
B1: Month Name | C1: Week Day | D1: Date | E1: Year | F1: รหัสพนักงาน | G1: รหัสนิ้วมือ | H1: ชื่อ นามสกุล | I1: ชื่อเล่น | J1: เวลา | K1: ชนิดวันหยุด | L1: วันหยุดประจำสัปดาห์ | M1: วันหยุดตามประเพณี | N1: อธิบาย | P1: Constant | R1: Variables
A2: 1 | B2: มกราคม | C2: วันอาทิตย์ | D2: {=SEQUENCE(DAY(EOMONTH(DATE(vYearSelected,vMonthSelected,1),0)),1)} -> 1 | E2: 2023 | F2: WMC-004 | G2: =CONCATENATE("FG_",F2) -> FG_WMC-004 | H2: บุญเลิศ | I2: ตี๋ | J2: 0 | K2: วันทำงานปกติ | L2: 1 | M2: 44927 | N2: วันขึ้นปีใหม่ | P2: จำนวนแรงงานทั้งหมด | Q2: =COUNTA(H2:H41) -> 34 | R2: vMonthSelected | S2: {=XLOOKUP(ViewByMonth!$C$3,$B$2:$B$13,$A$2:$A$13)} -> 2
A3: 2 | B3: กุมภาพันธ์ | C3: วันจันทร์ | D3: 2 | E3: 2024 | F3: WMC-005 | G3: =CONCATENATE("FG_",F3) -> FG_WMC-005 | H3: สมชาย | I3: พี่หนู / ชาย | J3: 0.020833333 | K3: วันหยุดประจำสัปดาห์ | M3: 44928 | N3: หยุดชดเชยวันขึ้นปีใหม่ | P3: จำนวนชั่วโมงทำงานใน 1 วัน | Q3: 8 | R3: vYearSelected | S3: =ViewByMonth!$C$2 -> 2026
A4: 3 | B4: มีนาคม | C4: วันอังคาร | D4: 3 | E4: 2025 | F4: WMC-006 | G4: =CONCATENATE("FG_",F4) -> FG_WMC-006 | H4: จักรพงศ์ | I4: พี่ล้าน | J4: 0.041666667 | K4: วันหยุุดตามประเพณี | M4: 44991 | N4: วันมาฆบูชา | P4: จำนวนวันทำงานใน 1 เดือน | Q4: 26 | S4: =ViewByMonth!$C$4 | U4: CC | W4: a | X4: b | Y4: c | Z4: d | AA4: AA | AB4: BB | AC4: CC | AD4: DD
A5: 4 | B5: เมษายน | C5: วันพุธ | D5: 4 | E5: 2026 | F5: WMC-007 | G5: =CONCATENATE("FG_",F5) -> FG_WMC-007 | H5: ศรชัย | I5: พี่บอล | J5: 0.0625 | M5: 45022 | N5: วันจักรี | P5: เวลาเข้างาน | Q5: 0.375 | R5: vDateSelected | S5: =DATE(S3,S2,S4) -> 46053 | V5: 1 | W5: aaaaaa | X5: 1 | Y5: 2 | Z5: 3 | AA5: 1 | AC5: 1
A6: 5 | B6: พฤษภาคม | C6: วันพฤหัส | D6: 5 | F6: WMC-009 | G6: =CONCATENATE("FG_",F6) -> FG_WMC-009 | H6: สนธญา | I6: พี่เดี่ยว | J6: 0.083333333 | M6: 45029 | N6: วันสงกรานต์ | P6: เวลาออกงาน | Q6: 0.75 | R6: vDurationWork | S6: =(Q6-Q5)*24-S7 -> 8 | V6: 2 | W6: bbb | X6: 2 | Y6: 8 | Z6: 7 | AA6: 1 | AB6: 1
A7: 6 | B7: มิถุนายน | C7: วันศุกร์ | D7: 6 | F7: WMC-0010 | G7: =CONCATENATE("FG_",F7) -> FG_WMC-0010 | H7: จุฬาวัลย์ | I7: พี่ตุ๊ก | J7: 0.10416667 | M7: 45030 | N7: วันสงกรานต์ | P7: เริ่มกินข้าวเที่ยง | Q7: 0.5 | R7: vDurationLunch | S7: =(Q8-Q7)*24 -> 1 | V7: 3 | W7: ccc | X7: 4 | Y7: 7 | Z7: 8 | AC7: 1 | AD7: 1
A8: 7 | B8: กรกฎาคม | C8: วันเสาร์ | D8: 7 | F8: WMC-011 | G8: =CONCATENATE("FG_",F8) -> FG_WMC-011 | H8: เสาวลักษณ์ | I8: แพร | J8: 0.125 | M8: 45031 | N8: วันสงกรานต์ | P8: จบกินข้าวเที่ยง | Q8: 0.54166667 | R8: vDurationDinner | S8: =(Q10-Q9)*24 -> 1 | V8: 4 | W8: ddd | X8: 8 | Y8: 6 | Z8: 9 | AB8: 1 | AD8: 1
A9: 8 | B9: สิงหาคม | D9: 8 | F9: WMC-012 | G9: =CONCATENATE("FG_",F9) -> FG_WMC-012 | H9: อัจฉรา | I9: พี่เปิ้ล | J9: 0.14583333 | M9: 45033 | N9: หยุดชดเชยวันสงกรานต์ | P9: เริ่มกินข้าวเย็น | Q9: 0.75 | R9: vStaffSelected | S9: =Report!$C$4 -> สมชาย | V9: 5 | W9: ee | X9: 9 | Y9: 9 | Z9: 7 | AA9: 1 | AB9: 1 | AC9: 1
A10: 9 | B10: กันยายน | D10: 9 | F10: WMC-014 | G10: =CONCATENATE("FG_",F10) -> FG_WMC-014 | H10: มณีเนตร | I10: พี่กบ | J10: 0.16666667 | M10: 45047 | N10: วันแรงงานแห่งชาติ | P10: จบกินข้าวเย็น | Q10: 0.79166667
A11: 10 | B11: ตุลาคม | D11: 10 | F11: WMC-018 | G11: =CONCATENATE("FG_",F11) -> FG_WMC-018 | H11: อานนท์ | I11: ลี | J11: 0.1875 | M11: 45050 | N11: วันฉัตรมงคล
A12: 11 | B12: พฤศจิกายน | D12: 11 | F12: WMC-024 | G12: =CONCATENATE("FG_",F12) -> FG_WMC-024 | H12: สมชาย | I12: พี่เล็ก | J12: 0.20833333 | M12: 45051 | N12: หยุดพิเศษ | U12: 1 | V12: =IFERROR(__xludf.DUMMYFUNCTION("FILTER(AA5:AD9,AA4:AD4=U4)"),1.0) -> 1 | W12: =IFERROR(__xludf.DUMMYFUNCTION("FILTER(U12:U16,V12:V16=1)"),1.0) -> 1 | X12: =IFERROR(__xludf.DUMMYFUNCTION("FILTER(V5:AD9,V5:V9=W12)"),1.0) -> 1 | Y12: =IFERROR(__xludf.DUMMYFUNCTION("""COMPUTED_VALUE"""),"aaaaaa") -> aaaaaa | Z12: =IFERROR(__xludf.DUMMYFUNCTION("""COMPUTED_VALUE"""),1.0) -> 1 | AA12: =IFERROR(__xludf.DUMMYFUNCTION("""COMPUTED_VALUE"""),2.0) -> 2 | AB12: =IFERROR(__xludf.DUMMYFUNCTION("""COMPUTED_VALUE"""),3.0) -> 3 | AC12: =IFERROR(__xludf.DUMMYFUNCTION("""COMPUTED_VALUE"""),1.0) -> 1 | AE12: =IFERROR(__xludf.DUMMYFUNCTION("""COMPUTED_VALUE"""),1.0) -> 1
A13: 12 | B13: ธันวาคม | D13: 12 | F13: WMC-028 | G13: =CONCATENATE("FG_",F13) -> FG_WMC-028 | H13: ณัฐพงศ์ | I13: พี่พงษ์ | J13: 0.22916667 | M13: 45063 | N13: วันพืชมงคล | U13: 2 | W13: =IFERROR(__xludf.DUMMYFUNCTION("""COMPUTED_VALUE"""),3.0) -> 3 | X13: =IFERROR(__xludf.DUMMYFUNCTION("FILTER(V6:AD10,V6:V10=W13)"),3.0) -> 3 | Y13: =IFERROR(__xludf.DUMMYFUNCTION("""COMPUTED_VALUE"""),"ccc") -> ccc | Z13: =IFERROR(__xludf.DUMMYFUNCTION("""COMPUTED_VALUE"""),4.0) -> 4 | AA13: =IFERROR(__xludf.DUMMYFUNCTION("""COMPUTED_VALUE"""),7.0) -> 7 | AB13: =IFERROR(__xludf.DUMMYFUNCTION("""COMPUTED_VALUE"""),8.0) -> 8 | AE13: =IFERROR(__xludf.DUMMYFUNCTION("""COMPUTED_VALUE"""),1.0) -> 1 | AF13: =IFERROR(__xludf.DUMMYFUNCTION("""COMPUTED_VALUE"""),1.0) -> 1
A14: 13 | D14: 13 | F14: WMC-036 | G14: =CONCATENATE("FG_",F14) -> FG_WMC-036 | H14: ทร | I14: พี่ทร | J14: 0.25 | M14: 45080 | N14: วันเฉลิมพระชนมพรรษาสมเด็จพระนางเจ้าฯ / วันวิสาขบูชา | U14: 3 | V14: =IFERROR(__xludf.DUMMYFUNCTION("""COMPUTED_VALUE"""),1.0) -> 1 | W14: =IFERROR(__xludf.DUMMYFUNCTION("""COMPUTED_VALUE"""),5.0) -> 5 | X14: =IFERROR(__xludf.DUMMYFUNCTION("FILTER(V7:AD11,V7:V11=W14)"),5.0) -> 5 | Y14: =IFERROR(__xludf.DUMMYFUNCTION("""COMPUTED_VALUE"""),"ee") -> ee | Z14: =IFERROR(__xludf.DUMMYFUNCTION("""COMPUTED_VALUE"""),9.0) -> 9 | AA14: =IFERROR(__xludf.DUMMYFUNCTION("""COMPUTED_VALUE"""),9.0) -> 9 | AB14: =IFERROR(__xludf.DUMMYFUNCTION("""COMPUTED_VALUE"""),7.0) -> 7 | AC14: =IFERROR(__xludf.DUMMYFUNCTION("""COMPUTED_VALUE"""),1.0) -> 1 | AD14: =IFERROR(__xludf.DUMMYFUNCTION("""COMPUTED_VALUE"""),1.0) -> 1 | AE14: =IFERROR(__xludf.DUMMYFUNCTION("""COMPUTED_VALUE"""),1.0) -> 1
A15: 14 | D15: 14 | F15: WMC-045 | G15: =CONCATENATE("FG_",F15) -> FG_WMC-045 | H15: นิภาพร | I15: พี่ไอซ์ | J15: 0.27083333 | M15: 45082 | N15: หยุดชดเชย | U15: 4 | X15: =IFERROR(__xludf.DUMMYFUNCTION("FILTER(V8:AD12,V8:V12=W15)"),"#REF!") -> #REF!
A16: 15 | D16: 15 | F16: WMC-047 | G16: =CONCATENATE("FG_",F16) -> FG_WMC-047 | H16: อรพิณ | I16: ป้าพิณ | J16: 0.29166667 | M16: 45135 | N16: วันเฉลิมพระชนมพรรษา | U16: 5 | V16: =IFERROR(__xludf.DUMMYFUNCTION("""COMPUTED_VALUE"""),1.0) -> 1 | X16: =IFERROR(__xludf.DUMMYFUNCTION("FILTER(V9:AD13,V9:V13=W16)"),"")
A17: 16 | D17: 16 | F17: WMC-049 | G17: =CONCATENATE("FG_",F17) -> FG_WMC-049 | H17: สุนทรี | I17: พี่หนู / หญิง | J17: 0.3125 | M17: 45139 | N17: วันอาสาฬหบูชา
A18: 17 | D18: 17 | F18: WMC-055 | G18: =CONCATENATE("FG_",F18) -> FG_WMC-055 | H18: สุชาติ | I18: ชาติ | J18: 0.33333333 | M18: 45140 | N18: วันเข้าพรรษา | Y18: =IFERROR(__xludf.DUMMYFUNCTION("""COMPUTED_VALUE"""),3.0) -> 3 | Z18: =IFERROR(__xludf.DUMMYFUNCTION("""COMPUTED_VALUE"""),3.0) -> 3 | AA18: =IFERROR(__xludf.DUMMYFUNCTION("""COMPUTED_VALUE"""),"ccc") -> ccc | AB18: =IFERROR(__xludf.DUMMYFUNCTION("""COMPUTED_VALUE"""),4.0) -> 4 | AC18: =IFERROR(__xludf.DUMMYFUNCTION("""COMPUTED_VALUE"""),7.0) -> 7 | AD18: =IFERROR(__xludf.DUMMYFUNCTION("""COMPUTED_VALUE"""),8.0) -> 8
A19: 18 | D19: 18 | F19: WMC-057 | G19: =CONCATENATE("FG_",F19) -> FG_WMC-057 | H19: ขวัญชัย | I19: ลุงมิตร | J19: 0.35416667 | M19: 45150 | N19: วันแม่แห่งชาติ
A20: 19 | D20: 19 | F20: WMC-059 | G20: =CONCATENATE("FG_",F20) -> FG_WMC-059 | H20: ทศพล | I20: พี่ทศ | J20: 0.375 | M20: 45152 | N20: หยุดชดเชยวันแม่แห่งชาติ
A21: 20 | D21: 20 | F21: WMC-060 | G21: =CONCATENATE("FG_",F21) -> FG_WMC-060 | H21: จันจิรา | I21: โม | J21: 0.39583333 | M21: 45212 | N21: วันคล้ายวันสวรรคต ร.9
A22: 21 | D22: 21 | F22: WMC-061 | G22: =CONCATENATE("FG_",F22) -> FG_WMC-061 | H22: เสริมพงศ์ | I22: พี่เสริม | J22: 0.41666667 | M22: 45222 | N22: วันปิยมหาราช | V22: data | W22: daa
A23: 22 | D23: 22 | F23: WMC-063 | G23: =CONCATENATE("FG_",F23) -> FG_WMC-063 | H23: ศรีประไพร | I23: พี่หน่อง | J23: 0.4375 | M23: 45265 | N23: วันพ่อแห่งชาติ | V23: 1 | W23: a
A24: 23 | D24: 23 | F24: WMC-066 | G24: =CONCATENATE("FG_",F24) -> FG_WMC-066 | H24: สมพงษ์ | I24: พี่เอ็กซ์ | J24: 0.45833333 | M24: 45270 | N24: วันรัฐธรรมนูญ | V24: 2 | W24: daa
A25: 24 | D25: 24 | F25: WMC-065 | G25: =CONCATENATE("FG_",F25) -> FG_WMC-065 | H25: คำศรี | I25: พี่เวิน | J25: 0.47916667 | M25: 45271 | N25: หยุดชดเชยวันรัฐธรรมนูญ | V25: 7 | W25: z
A26: 25 | D26: 25 | F26: WMC-067 | G26: =CONCATENATE("FG_",F26) -> FG_WMC-067 | H26: จิตติพัฒน์ | I26: มอส | J26: 0.5 | M26: 45289 | N26: หยุดพิเศษ | V26: 8 | W26: e
A27: 26 | D27: 26 | F27: WMC-068 | G27: =CONCATENATE("FG_",F27) -> FG_WMC-068 | H27: วิชัย | I27: อาโก้ | J27: 0.52083333 | M27: 45291 | N27: วันสิ้นปี | Z27: 1 | AA27: a | AB27: {=SORT(AA27:AA36,1,true)} -> a
A28: 27 | D28: 27 | F28: WMC-073 | G28: =CONCATENATE("FG_",F28) -> FG_WMC-073 | H28: ชาญณรงค์ | I28: ฟิล์ม | J28: 0.54166667 | M28: 45292 | N28: วันขึ้นปีใหม่ | Z28: 2 | AA28: c | AB28: c
A29: 28 | D29: 28 | F29: WMC-086 | G29: =CONCATENATE("FG_",F29) -> FG_WMC-086 | H29: Vanut | I29: ลิตร | J29: 0.5625 | M29: 45346 | N29: วันมาฆบูชา | Z29: 3 | AA29: d | AB29: d
A30: 29 | F30: WMC-078 | G30: =CONCATENATE("FG_",F30) -> FG_WMC-078 | H30: SUCK | I30: สุข | J30: 0.58333333 | M30: 45348 | N30: หยุดชดเชยวันมาฆบูชา | Z30: 4 | AA30: e | AB30: e
A31: 30 | F31: WMC-083 | G31: =CONCATENATE("FG_",F31) -> FG_WMC-083 | H31: ธาดา | I31: เพลง | J31: 0.60416667 | M31: 45388 | N31: วันจักรี | Z31: 5 | AA31: f | AB31: f
A32: 31 | F32: WMC-084 | G32: =CONCATENATE("FG_",F32) -> FG_WMC-084 | H32: ไกรสิทธิ์ | I32: เสือ | J32: 0.625 | M32: 45390 | N32: หยุดชดเชยวันจักรี | Z32: 6 | AA32: z | AB32: g
A33: 32 | D33: 32 | H33: ทีมนอกพงศกร | I33: ทีมนอกพงศกร | J33: 0.64583333 | M33: 45394 | N33: หยุดพิเศษ | Z33: 7 | AA33: g | AB33: h
A34: 33 | D34: 33 | H34: ทีมนอกเบส | I34: ทีมนอกเบส | J34: 0.66666667 | M34: 45395 | N34: วันสงกรานต์ | Z34: 8 | AA34: x | AB34: x
A35: 34 | D35: 34 | H35: ทีมนอกน้าป๋อง | I35: ทีมนอกน้าป๋อง | J35: 0.6875 | M35: 45396 | N35: วันสงกรานต์ | Z35: 9 | AA35: h | AB35: z
A36: 35 | D36: 35 | G36: =CONCATENATE("FG_",F36) -> FG_ | J36: 0.70833333 | M36: 45397 | N36: วันสงกรานต์ | Z36: 10
A37: 36 | D37: 36 | G37: =CONCATENATE("FG_",F37) -> FG_ | J37: 0.72916667 | M37: 45398 | N37: หยุดชดเชยวันสงกรานต์
A38: 37 | D38: 37 | G38: =CONCATENATE("FG_",F38) -> FG_ | J38: 0.75 | M38: 45413 | N38: วันแรงงานแห่งชาติ
A39: 38 | D39: 38 | J39: 0.77083333 | M39: 45416 | N39: วันฉัตรมงคล
A40: 39 | D40: 39 | J40: 0.79166667 | M40: 45418 | N40: หยุดชดเชยวันฉัตรมงคล
A41: 40 | D41: 40 | J41: 0.8125 | M41: 45422 | N41: วันพืชมงคล
A42: 41 | D42: 41 | J42: 0.83333333 | M42: 45434 | N42: วันวิสาขบูชา
A43: 42 | D43: 42 | J43: 0.85416667 | M43: 45446 | N43: วันเฉลิมพระชนมพรรษาสมเด็จพระนางเจ้าฯ
A44: 43 | G44: =CONCATENATE("FG_",F44) -> FG_ | J44: 0.875 | M44: 45493 | N44: วันอาสาฬหบูชา
A45: 44 | G45: =CONCATENATE("FG_",F45) -> FG_ | J45: 0.89583333 | M45: 45494 | N45: วันเข้าพรรษา
A46: 45 | G46: =CONCATENATE("FG_",F46) -> FG_ | J46: 0.91666667 | M46: 45495 | N46: หยุดชดเชยวันเข้าพรรษา
A47: 46 | G47: =CONCATENATE("FG_",F47) -> FG_ | J47: 0.9375 | M47: 45501 | N47: วันเฉลิมพระชนมพรรษา ร.10
A48: 47 | G48: =CONCATENATE("FG_",F48) -> FG_ | J48: 0.95833333 | M48: 45502 | N48: หยุดชดเชยวันเฉลิมพระชนมพรรษา ร.10
A49: 48 | G49: =CONCATENATE("FG_",F49) -> FG_ | J49: 0.97916667 | M49: 45516 | N49: วันแม่แห่งชาติ
A50: 49 | G50: =CONCATENATE("FG_",F50) -> FG_ | M50: 45578 | N50: วันคล้ายวันสวรรคต ร.9
A51: 50 | G51: =CONCATENATE("FG_",F51) -> FG_ | M51: 45579 | N51: หยุดชดเชยวันคล้ายวันสวรรคต ร.9
A52: 51 | M52: 45588 | N52: วันปิยมหาราช
A53: 52 | M53: 45631 | N53: วันพ่อแห่งชาติ
A54: 53 | M54: 45636 | N54: วันรัฐธรรมนูญ
M55: 45657 | N55: วันสิ้นปี
M56: 45658 | N56: วันขึ้นปีใหม่
M57: 45700 | N57: วันมาฆบูชา
M58: 45753 | N58: วันจักรี
M59: 45754 | N59: ชดเชย วันจักรี
M60: 45760 | N60: วันสงกรานต์
M61: 45761 | N61: วันสงกรานต์
M62: 45762 | N62: วันสงกรานต์
M63: 45778 | N63: วันแรงงานแห่งชาติ
M64: 45781 | N64: วันฉัตรมงคล
M65: 45782 | N65: ชดเชย วันฉัตรมงคล
M66: 45788 | N66: วันวิสาขบูชา
... M184: 47848 | N184: วันสิ้นปี

Sheet byMonth
Q1: {=IFERROR(INDEX(Parameter!$G$2:$G$41,Q$5),)} -> FG_WMC-004 | R1: {=IFERROR(INDEX(Parameter!$G$2:$G$41,R$5),)} -> FG_WMC-005 | S1: {=IFERROR(INDEX(Parameter!$G$2:$G$41,S$5),)} -> FG_WMC-006 | T1: {=IFERROR(INDEX(Parameter!$G$2:$G$41,T$5),)} -> FG_WMC-007 | U1: {=IFERROR(INDEX(Parameter!$G$2:$G$41,U$5),)} -> FG_WMC-009 | V1: {=IFERROR(INDEX(Parameter!$G$2:$G$41,V$5),)} -> FG_WMC-0010 | W1: {=IFERROR(INDEX(Parameter!$G$2:$G$41,W$5),)} -> FG_WMC-011 | X1: {=IFERROR(INDEX(Parameter!$G$2:$G$41,X$5),)} -> FG_WMC-012 | ... BN1: {=IFERROR(INDEX(Parameter!$G$2:$G$41,BN$5),)}
B2: กุมภาพันธ์ | N2: ปริมาณงานสูงสุดที่ทำได้ | O2: =Parameter!$Q$2*Parameter!$Q$3*Parameter!$Q$4 -> 7072 | Q2: =IFERROR(__xludf.DUMMYFUNCTION("SPARKLINE(Q$3,{""charttype"",""column"";""ymin"",MIN($Q$3:$AZ$3);""ymax"",MAX($Q$3:$AZ$3);""color"",""blue""})"),"") | R2: =IFERROR(__xludf.DUMMYFUNCTION("SPARKLINE(R$3,{""charttype"",""column"";""ymin"",MIN($Q$3:$AZ$3);""ymax"",MAX($Q$3:$AZ$3);""color"",""blue""})"),"") | S2: =IFERROR(__xludf.DUMMYFUNCTION("SPARKLINE(S$3,{""charttype"",""column"";""ymin"",MIN($Q$3:$AZ$3);""ymax"",MAX($Q$3:$AZ$3);""color"",""blue""})"),"") | T2: =IFERROR(__xludf.DUMMYFUNCTION("SPARKLINE(T$3,{""charttype"",""column"";""ymin"",MIN($Q$3:$AZ$3);""ymax"",MAX($Q$3:$AZ$3);""color"",""blue""})"),"") | U2: =IFERROR(__xludf.DUMMYFUNCTION("SPARKLINE(U$3,{""charttype"",""column"";""ymin"",MIN($Q$3:$AZ$3);""ymax"",MAX($Q$3:$AZ$3);""color"",""blue""})"),"") | V2: =IFERROR(__xludf.DUMMYFUNCTION("SPARKLINE(V$3,{""charttype"",""column"";""ymin"",MIN($Q$3:$AZ$3);""ymax"",MAX($Q$3:$AZ$3);""color"",""blue""})"),"") | W2: =IFERROR(__xludf.DUMMYFUNCTION("SPARKLINE(W$3,{""charttype"",""column"";""ymin"",MIN($Q$3:$AZ$3);""ymax"",MAX($Q$3:$AZ$3);""color"",""blue""})"),"") | X2: =IFERROR(__xludf.DUMMYFUNCTION("SPARKLINE(X$3,{""charttype"",""column"";""ymin"",MIN($Q$3:$AZ$3);""ymax"",MAX($Q$3:$AZ$3);""color"",""blue""})"),"") | Y2: =IFERROR(__xludf.DUMMYFUNCTION("SPARKLINE(Y$3,{""charttype"",""column"";""ymin"",MIN($Q$3:$AZ$3);""ymax"",MAX($Q$3:$AZ$3);""color"",""blue""})"),"") | Z2: =IFERROR(__xludf.DUMMYFUNCTION("SPARKLINE(Z$3,{""charttype"",""column"";""ymin"",MIN($Q$3:$AZ$3);""ymax"",MAX($Q$3:$AZ$3);""color"",""blue""})"),"") | AA2: =IFERROR(__xludf.DUMMYFUNCTION("SPARKLINE(AA$3,{""charttype"",""column"";""ymin"",MIN($Q$3:$AZ$3);""ymax"",MAX($Q$3:$AZ$3);""color"",""blue""})"),"") | AB2: =IFERROR(__xludf.DUMMYFUNCTION("SPARKLINE(AB$3,{""charttype"",""column"";""ymin"",MIN($Q$3:$AZ$3);""ymax"",MAX($Q$3:$AZ$3);""color"",""blue""})"),"") | AC2: =IFERROR(__xludf.DUMMYFUNCTION("SPARKLINE(AC$3,{""charttype"",""column"";""ymin"",MIN($Q$3:$AZ$3);""ymax"",MAX($Q$3:$AZ$3);""color"",""blue""})"),"") | AD2: =IFERROR(__xludf.DUMMYFUNCTION("SPARKLINE(AD$3,{""charttype"",""column"";""ymin"",MIN($Q$3:$AZ$3);""ymax"",MAX($Q$3:$AZ$3);""color"",""blue""})"),"") | AE2: =IFERROR(__xludf.DUMMYFUNCTION("SPARKLINE(AE$3,{""charttype"",""column"";""ymin"",MIN($Q$3:$AZ$3);""ymax"",MAX($Q$3:$AZ$3);""color"",""blue""})"),"") | AF2: =IFERROR(__xludf.DUMMYFUNCTION("SPARKLINE(AF$3,{""charttype"",""column"";""ymin"",MIN($Q$3:$AZ$3);""ymax"",MAX($Q$3:$AZ$3);""color"",""blue""})"),"") | AG2: =IFERROR(__xludf.DUMMYFUNCTION("SPARKLINE(AG$3,{""charttype"",""column"";""ymin"",MIN($Q$3:$AZ$3);""ymax"",MAX($Q$3:$AZ$3);""color"",""blue""})"),"") | AH2: =IFERROR(__xludf.DUMMYFUNCTION("SPARKLINE(AH$3,{""charttype"",""column"";""ymin"",MIN($Q$3:$AZ$3);""ymax"",MAX($Q$3:$AZ$3);""color"",""blue""})"),"") | AI2: =IFERROR(__xludf.DUMMYFUNCTION("SPARKLINE(AI$3,{""charttype"",""column"";""ymin"",MIN($Q$3:$AZ$3);""ymax"",MAX($Q$3:$AZ$3);""color"",""blue""})"),"") | AJ2: =IFERROR(__xludf.DUMMYFUNCTION("SPARKLINE(AJ$3,{""charttype"",""column"";""ymin"",MIN($Q$3:$AZ$3);""ymax"",MAX($Q$3:$AZ$3);""color"",""blue""})"),"") | AK2: =IFERROR(__xludf.DUMMYFUNCTION("SPARKLINE(AK$3,{""charttype"",""column"";""ymin"",MIN($Q$3:$AZ$3);""ymax"",MAX($Q$3:$AZ$3);""color"",""blue""})"),"") | AL2: =IFERROR(__xludf.DUMMYFUNCTION("SPARKLINE(AL$3,{""charttype"",""column"";""ymin"",MIN($Q$3:$AZ$3);""ymax"",MAX($Q$3:$AZ$3);""color"",""blue""})"),"") | AM2: =IFERROR(__xludf.DUMMYFUNCTION("SPARKLINE(AM$3,{""charttype"",""column"";""ymin"",MIN($Q$3:$AZ$3);""ymax"",MAX($Q$3:$AZ$3);""color"",""blue""})"),"") | AN2: =IFERROR(__xludf.DUMMYFUNCTION("SPARKLINE(AN$3,{""charttype"",""column"";""ymin"",MIN($Q$3:$AZ$3);""ymax"",MAX($Q$3:$AZ$3);""color"",""blue""})"),"") | AO2: =IFERROR(__xludf.DUMMYFUNCTION("SPARKLINE(AO$3,{""charttype"",""column"";""ymin"",MIN($Q$3:$AZ$3);""ymax"",MAX($Q$3:$AZ$3);""color"",""blue""})"),"") | AP2: =IFERROR(__xludf.DUMMYFUNCTION("SPARKLINE(AP$3,{""charttype"",""column"";""ymin"",MIN($Q$3:$AZ$3);""ymax"",MAX($Q$3:$AZ$3);""color"",""blue""})"),"") | AQ2: =IFERROR(__xludf.DUMMYFUNCTION("SPARKLINE(AQ$3,{""charttype"",""column"";""ymin"",MIN($Q$3:$AZ$3);""ymax"",MAX($Q$3:$AZ$3);""color"",""blue""})"),"") | AR2: =IFERROR(__xludf.DUMMYFUNCTION("SPARKLINE(AR$3,{""charttype"",""column"";""ymin"",MIN($Q$3:$AZ$3);""ymax"",MAX($Q$3:$AZ$3);""color"",""blue""})"),"") | AS2: =IFERROR(__xludf.DUMMYFUNCTION("SPARKLINE(AS$3,{""charttype"",""column"";""ymin"",MIN($Q$3:$AZ$3);""ymax"",MAX($Q$3:$AZ$3);""color"",""blue""})"),"") | AT2: =IFERROR(__xludf.DUMMYFUNCTION("SPARKLINE(AT$3,{""charttype"",""column"";""ymin"",MIN($Q$3:$AZ$3);""ymax"",MAX($Q$3:$AZ$3);""color"",""blue""})"),"") | AU2: =IFERROR(__xludf.DUMMYFUNCTION("SPARKLINE(AU$3,{""charttype"",""column"";""ymin"",MIN($Q$3:$AZ$3);""ymax"",MAX($Q$3:$AZ$3);""color"",""blue""})"),"") | AV2: =IFERROR(__xludf.DUMMYFUNCTION("SPARKLINE(AV$3,{""charttype"",""column"";""ymin"",MIN($Q$3:$AZ$3);""ymax"",MAX($Q$3:$AZ$3);""color"",""blue""})"),"") | AW2: =IFERROR(__xludf.DUMMYFUNCTION("SPARKLINE(AW$3,{""charttype"",""column"";""ymin"",MIN($Q$3:$AZ$3);""ymax"",MAX($Q$3:$AZ$3);""color"",""blue""})"),"") | AX2: =IFERROR(__xludf.DUMMYFUNCTION("SPARKLINE(AX$3,{""charttype"",""column"";""ymin"",MIN($Q$3:$AZ$3);""ymax"",MAX($Q$3:$AZ$3);""color"",""blue""})"),"") | AY2: =IFERROR(__xludf.DUMMYFUNCTION("SPARKLINE(AY$3,{""charttype"",""column"";""ymin"",MIN($Q$3:$AZ$3);""ymax"",MAX($Q$3:$AZ$3);""color"",""blue""})"),"") | AZ2: =IFERROR(__xludf.DUMMYFUNCTION("SPARKLINE(AZ$3,{""charttype"",""column"";""ymin"",MIN($Q$3:$AZ$3);""ymax"",MAX($Q$3:$AZ$3);""color"",""blue""})"),"") | BA2: =IFERROR(__xludf.DUMMYFUNCTION("SPARKLINE(BA$3,{""charttype"",""column"";""ymin"",MIN($Q$3:$AZ$3);""ymax"",MAX($Q$3:$AZ$3);""color"",""blue""})"),"") | BB2: =IFERROR(__xludf.DUMMYFUNCTION("SPARKLINE(BB$3,{""charttype"",""column"";""ymin"",MIN($Q$3:$AZ$3);""ymax"",MAX($Q$3:$AZ$3);""color"",""blue""})"),"") | BC2: =IFERROR(__xludf.DUMMYFUNCTION("SPARKLINE(BC$3,{""charttype"",""column"";""ymin"",MIN($Q$3:$AZ$3);""ymax"",MAX($Q$3:$AZ$3);""color"",""blue""})"),"") | BD2: =IFERROR(__xludf.DUMMYFUNCTION("SPARKLINE(BD$3,{""charttype"",""column"";""ymin"",MIN($Q$3:$AZ$3);""ymax"",MAX($Q$3:$AZ$3);""color"",""blue""})"),"") | BE2: =IFERROR(__xludf.DUMMYFUNCTION("SPARKLINE(BE$3,{""charttype"",""column"";""ymin"",MIN($Q$3:$AZ$3);""ymax"",MAX($Q$3:$AZ$3);""color"",""blue""})"),"") | BF2: =IFERROR(__xludf.DUMMYFUNCTION("SPARKLINE(BF$3,{""charttype"",""column"";""ymin"",MIN($Q$3:$AZ$3);""ymax"",MAX($Q$3:$AZ$3);""color"",""blue""})"),"") | BG2: =IFERROR(__xludf.DUMMYFUNCTION("SPARKLINE(BG$3,{""charttype"",""column"";""ymin"",MIN($Q$3:$AZ$3);""ymax"",MAX($Q$3:$AZ$3);""color"",""blue""})"),"") | BH2: =IFERROR(__xludf.DUMMYFUNCTION("SPARKLINE(BH$3,{""charttype"",""column"";""ymin"",MIN($Q$3:$AZ$3);""ymax"",MAX($Q$3:$AZ$3);""color"",""blue""})"),"") | BI2: =IFERROR(__xludf.DUMMYFUNCTION("SPARKLINE(BI$3,{""charttype"",""column"";""ymin"",MIN($Q$3:$AZ$3);""ymax"",MAX($Q$3:$AZ$3);""color"",""blue""})"),"") | BJ2: =IFERROR(__xludf.DUMMYFUNCTION("SPARKLINE(BJ$3,{""charttype"",""column"";""ymin"",MIN($Q$3:$AZ$3);""ymax"",MAX($Q$3:$AZ$3);""color"",""blue""})"),"") | BK2: =IFERROR(__xludf.DUMMYFUNCTION("SPARKLINE(BK$3,{""charttype"",""column"";""ymin"",MIN($Q$3:$AZ$3);""ymax"",MAX($Q$3:$AZ$3);""color"",""blue""})"),"") | BL2: =IFERROR(__xludf.DUMMYFUNCTION("SPARKLINE(BL$3,{""charttype"",""column"";""ymin"",MIN($Q$3:$AZ$3);""ymax"",MAX($Q$3:$AZ$3);""color"",""blue""})"),"") | BM2: =IFERROR(__xludf.DUMMYFUNCTION("SPARKLINE(BM$3,{""charttype"",""column"";""ymin"",MIN($Q$3:$AZ$3);""ymax"",MAX($Q$3:$AZ$3);""color"",""blue""})"),"") | BN2: =IFERROR(__xludf.DUMMYFUNCTION("SPARKLINE(BN$3,{""charttype"",""column"";""ymin"",MIN($Q$3:$AZ$3);""ymax"",MAX($Q$3:$AZ$3);""color"",""blue""})"),"")
D3: A1 | E3: A2 | F3: A3 | N3: ปริมาณงานที่ทำ | O3: =SUM(O6:O304) -> 0 | Q3: =SUMPRODUCT($M$6:$M$104,Q$6:Q$104) -> 0 | R3: =SUMPRODUCT($M$6:$M$104,R$6:R$104) -> 0 | S3: =SUMPRODUCT($M$6:$M$104,S$6:S$104) -> 0 | T3: =SUMPRODUCT($M$6:$M$104,T$6:T$104) -> 0 | U3: =SUMPRODUCT($M$6:$M$104,U$6:U$104) -> 0 | V3: =SUMPRODUCT($M$6:$M$104,V$6:V$104) -> 0 | W3: =SUMPRODUCT($M$6:$M$104,W$6:W$104) -> 0 | X3: =SUMPRODUCT($M$6:$M$104,X$6:X$104) -> 0 | ... BN3: =SUMPRODUCT($M$6:$M$104,BN$6:BN$104) -> 0
D4: ขนย้าย | E4: ติดต้ั้ง | F4: โกดัง | G4: ทำของ | H4: อื่นๆ | N4: อัตรางานที่ที่ทำ | O4: =O3/O2 -> 0 | Q4: {=INDEX(Parameter!$H$2:$H$41,Q$5)} -> บุญเลิศ | R4: {=INDEX(Parameter!$H$2:$H$41,R$5)} -> สมชาย | S4: {=INDEX(Parameter!$H$2:$H$41,S$5)} -> จักรพงศ์ | T4: {=INDEX(Parameter!$H$2:$H$41,T$5)} -> ศรชัย | U4: {=INDEX(Parameter!$H$2:$H$41,U$5)} -> สนธญา | V4: {=INDEX(Parameter!$H$2:$H$41,V$5)} -> จุฬาวัลย์ | W4: {=INDEX(Parameter!$H$2:$H$41,W$5)} -> เสาวลักษณ์ | X4: {=INDEX(Parameter!$H$2:$H$41,X$5)} -> อัจฉรา | ... BD4: {=INDEX(Parameter!$H$2:$H$41,BD$5)}
A5: ลำดับ | B5: ชื่องาน | C5: ชื่องานย่อย | I5: อธิบายงาน | J5: วันที่ | K5: เริ่ม | L5: เลิก | M5: เวลาทำงาน | N5: จำนวนคนที่ต้องการ | O5: ปริมาณงาน | P5: จำนวนคนที่ได้ | Q5: 1 | R5: 2 | S5: 3 | T5: 4 | U5: 5 | V5: 6 | W5: 7 | X5: 8 | Y5: 9 | Z5: 10 | AA5: 11 | AB5: 12 | AC5: 13 | AD5: 14 | AE5: 15 | AF5: 16 | AG5: 17 | AH5: 18 | AI5: 19 | AJ5: 20 | AK5: 21 | AL5: 22 | AM5: 23 | AN5: 24 | AO5: 25 | AP5: 26 | AQ5: 27 | AR5: 28 | AS5: 29 | AT5: 30 | AU5: 31 | AV5: 32 | AW5: 33 | AX5: 34 | AY5: 35 | AZ5: 36 | BA5: 37 | BB5: 38 | BC5: 39 | BD5: 40 | BE5: 41 | BF5: 42 | BG5: 43 | BH5: 44 | BI5: 45 | BJ5: 46 | BK5: 47 | BL5: 48 | BM5: 49 | BN5: 50
A6: 1
A7: 2
A8: 3
A9: 4
A10: 5
A11: 6
A12: 7
A13: 8
A14: 9
A15: 10
A16: 11
A17: 12
... A1004: 1000

Sheet byDate
B2: 2026
B3: กุมภาพันธ์ | C3: 3 | H3: =H4/240 -> 0
B4: =DATE(B2,MATCH(B3,Parameter!B2:B13,0),C3) -> 46056 | H4: =SUM(H5:H20) -> 0 | J4: {=INDEX(Parameter!$H$2:$H$41,J$5)} -> บุญเลิศ | K4: {=INDEX(Parameter!$H$2:$H$41,K$5)} -> สมชาย | L4: {=INDEX(Parameter!$H$2:$H$41,L$5)} -> จักรพงศ์ | M4: {=INDEX(Parameter!$H$2:$H$41,M$5)} -> ศรชัย | N4: {=INDEX(Parameter!$H$2:$H$41,N$5)} -> สนธญา | O4: {=INDEX(Parameter!$H$2:$H$41,O$5)} -> จุฬาวัลย์ | P4: {=INDEX(Parameter!$H$2:$H$41,P$5)} -> เสาวลักษณ์ | Q4: {=INDEX(Parameter!$H$2:$H$41,Q$5)} -> อัจฉรา | ... AW4: {=INDEX(Parameter!$H$2:$H$41,AW$5)}
A5: ลำดับ | B5: ชื่องาน | C5: วันที่ | D5: เริ่ม | E5: เลิก | F5: จำนวนชั่วโมง | G5: จำนวนคนที่ต้องการ | H5: ปริมาณงาน | I5: จำนวนคนที่ได้ | J5: 1 | K5: 2 | L5: 3 | M5: 4 | N5: 5 | O5: 6 | P5: 7 | Q5: 8 | R5: 9 | S5: 10 | T5: 11 | U5: 12 | V5: 13 | W5: 14 | X5: 15 | Y5: 16 | Z5: 17 | AA5: 18 | AB5: 19 | AC5: 20 | AD5: 21 | AE5: 22 | AF5: 23 | AG5: 24 | AH5: 25 | AI5: 26 | AJ5: 27 | AK5: 28 | AL5: 29 | AM5: 30 | AN5: 31 | AO5: 32 | AP5: 33 | AQ5: 34 | AR5: 35 | AS5: 36 | AT5: 37 | AU5: 38 | AV5: 39 | AW5: 40
A6: 1 | B6: =IFERROR(__xludf.DUMMYFUNCTION("IF(B$4<>"""",IFNA( FILTER('Job-In'!$C$6:$BH$305,'Job-In'!$M$6:$M$305=$B$4),""""),"""")"),"")
A7: 2
A8: 3
A9: 4
A10: 5
A11: 6
A12: 7
A13: 8
A14: 9
A15: 10
A16: 11
A17: 12
A18: 13
... A20: 15

Sheet byJob
G2: ='Job-In'!R2 | H2: ='Job-In'!S2 | I2: ='Job-In'!T2 | J2: =IFERROR(__xludf.DUMMYFUNCTION("'Job-In'!U2"),"") | K2: =IFERROR(__xludf.DUMMYFUNCTION("'Job-In'!V2"),"") | L2: =IFERROR(__xludf.DUMMYFUNCTION("'Job-In'!W2"),"") | M2: =IFERROR(__xludf.DUMMYFUNCTION("'Job-In'!X2"),"") | N2: =IFERROR(__xludf.DUMMYFUNCTION("'Job-In'!Y2"),"") | O2: =IFERROR(__xludf.DUMMYFUNCTION("'Job-In'!Z2"),"") | P2: =IFERROR(__xludf.DUMMYFUNCTION("'Job-In'!AA2"),"") | Q2: =IFERROR(__xludf.DUMMYFUNCTION("'Job-In'!AB2"),"") | R2: =IFERROR(__xludf.DUMMYFUNCTION("'Job-In'!AC2"),"") | S2: =IFERROR(__xludf.DUMMYFUNCTION("'Job-In'!AD2"),"") | T2: =IFERROR(__xludf.DUMMYFUNCTION("'Job-In'!AE2"),"") | U2: =IFERROR(__xludf.DUMMYFUNCTION("'Job-In'!AF2"),"") | V2: =IFERROR(__xludf.DUMMYFUNCTION("'Job-In'!AG2"),"") | W2: =IFERROR(__xludf.DUMMYFUNCTION("'Job-In'!AH2"),"") | X2: =IFERROR(__xludf.DUMMYFUNCTION("'Job-In'!AI2"),"") | Y2: =IFERROR(__xludf.DUMMYFUNCTION("'Job-In'!AJ2"),"") | Z2: =IFERROR(__xludf.DUMMYFUNCTION("'Job-In'!AK2"),"") | AA2: =IFERROR(__xludf.DUMMYFUNCTION("'Job-In'!AL2"),"") | AB2: =IFERROR(__xludf.DUMMYFUNCTION("'Job-In'!AM2"),"") | AC2: =IFERROR(__xludf.DUMMYFUNCTION("'Job-In'!AN2"),"") | AD2: =IFERROR(__xludf.DUMMYFUNCTION("'Job-In'!AO2"),"") | AE2: =IFERROR(__xludf.DUMMYFUNCTION("'Job-In'!AP2"),"") | AF2: =IFERROR(__xludf.DUMMYFUNCTION("'Job-In'!AQ2"),"") | AG2: =IFERROR(__xludf.DUMMYFUNCTION("'Job-In'!AR2"),"") | AH2: =IFERROR(__xludf.DUMMYFUNCTION("'Job-In'!AS2"),"") | AI2: =IFERROR(__xludf.DUMMYFUNCTION("'Job-In'!AT2"),"") | AJ2: =IFERROR(__xludf.DUMMYFUNCTION("'Job-In'!AU2"),"") | AK2: =IFERROR(__xludf.DUMMYFUNCTION("'Job-In'!AV2"),"") | AL2: =IFERROR(__xludf.DUMMYFUNCTION("'Job-In'!AW2"),"") | AM2: =IFERROR(__xludf.DUMMYFUNCTION("'Job-In'!AX2"),"") | AN2: =IFERROR(__xludf.DUMMYFUNCTION("'Job-In'!AY2"),"") | AO2: =IFERROR(__xludf.DUMMYFUNCTION("'Job-In'!AZ2"),"") | AP2: =IFERROR(__xludf.DUMMYFUNCTION("'Job-In'!BA2"),"") | AQ2: =IFERROR(__xludf.DUMMYFUNCTION("'Job-In'!BB2"),"") | AR2: =IFERROR(__xludf.DUMMYFUNCTION("'Job-In'!BC2"),"") | AS2: =IFERROR(__xludf.DUMMYFUNCTION("'Job-In'!BD2"),"") | AT2: =IFERROR(__xludf.DUMMYFUNCTION("'Job-In'!BE2"),"") | AU2: =IFERROR(__xludf.DUMMYFUNCTION("'Job-In'!BF2"),"") | AV2: =IFERROR(__xludf.DUMMYFUNCTION("'Job-In'!BG2"),"") | AW2: =IFERROR(__xludf.DUMMYFUNCTION("'Job-In'!BH2"),"")
G3: ='Job-In'!R3 | H3: =SUM(H6:H25) -> 0 | I3: ='Job-In'!T3 | J3: ='Job-In'!U3 -> 32 | K3: ='Job-In'!V3 -> 32 | L3: ='Job-In'!W3 -> 2 | M3: ='Job-In'!X3 -> 30 | N3: ='Job-In'!Y3 -> 13 | O3: ='Job-In'!Z3 -> 32 | P3: ='Job-In'!AA3 -> 0 | ... AW3: ='Job-In'!BH3 -> 0
B4: A1-RW | G4: ='Job-In'!R4 | H4: ='Job-In'!S4 | I4: ='Job-In'!T4 | J4: ='Job-In'!U4 -> ตี๋ | K4: ='Job-In'!V4 -> พี่หนู / ชาย | L4: ='Job-In'!W4 -> พี่ล้าน | M4: ='Job-In'!X4 -> พี่บอล | N4: ='Job-In'!Y4 -> พี่เดี่ยว | ... AW4: ='Job-In'!BH4 | AX4: ='Job-In11'!AX4 -> #REF!
A5: ลำดับ | B5: ชื่องาน | C5: วันที่ | D5: เริ่ม | E5: เลิก | F5: จำนวนชั่วโมง | G5: จำนวนคนที่ใช้ | H5: ปริมาณงาน | I5: จำนวนคนที่ได้ | J5: 1 | K5: 2 | L5: 3 | M5: 4 | N5: 5 | O5: 6 | P5: 7 | Q5: 8 | R5: 9 | S5: 10 | T5: 11 | U5: 12 | V5: 13 | W5: 14 | X5: 15 | Y5: 16 | Z5: 17 | AA5: 18 | AB5: 19 | AC5: 20 | AD5: 21 | AE5: 22 | AF5: 23 | AG5: 24 | AH5: 25 | AI5: 26 | AJ5: 27 | AK5: 28 | AL5: 29 | AM5: 30 | AN5: 31 | AO5: 32 | AP5: 33 | AQ5: 34 | AR5: 35 | AS5: 36 | AT5: 37 | AU5: 38 | AV5: 39 | AW5: 40 | AX5: ='Job-In11'!AX5 -> #REF!
A6: 1 | B6: =IFERROR(__xludf.DUMMYFUNCTION("FILTER(dataJobIn,JobName=$B$4)"),"#N/A") -> #N/A
A7: 2
A8: 3
A9: 4
A10: 5
A11: 6
A12: 7
A13: 8
A14: 9
A15: 10
A16: 11
A17: 12
A18: 13
... A25: 20
G26: ปริมาณงานที่ทำ | H26: =SUM(H6:H25) -> 0 | J26: =SUMPRODUCT($F$6:$F$25,J$6:J$25) -> 0 | K26: =SUMPRODUCT($F$6:$F$25,K$6:K$25) -> 0 | L26: =SUMPRODUCT($F$6:$F$25,L$6:L$25) -> 0 | M26: =SUMPRODUCT($F$6:$F$25,M$6:M$25) -> 0 | N26: =SUMPRODUCT($F$6:$F$25,N$6:N$25) -> 0 | O26: =SUMPRODUCT($F$6:$F$25,O$6:O$25) -> 0 | P26: =SUMPRODUCT($F$6:$F$25,P$6:P$25) -> 0 | Q26: =SUMPRODUCT($F$6:$F$25,Q$6:Q$25) -> 0 | ... AW26: =SUMPRODUCT($F$6:$F$25,AW$6:AW$25) -> 0
G27: ปริมาณงานสูงสุดที่ทำได้ | H27: 100 | I27: =SUM($J27:$AW27) -> 0
G28: อัตรางานที่ที่ทำ | H28: =H26/H27 -> 0 | I28: =SUM($J28:$AW28) -> 0
